company_name	{'main_url': 'main_url', 'twitter_url': 'twitter_url', 'angellist_url': 'angellist_url', 'crunchbase_url': 'crunchbase_url', 'linkedin_url': 'linkedin_url', 'facebook_url': 'facebook_url'}	
Aggregate Law	{'main_url': ' https://www.aggregatelaw.com/', 'twitter_url': ' https://twitter.com/aggregatelaw?lang=en', 'angellist_url': ' https://angel.co/company/aggregate-knowledge', 'crunchbase_url': ' https://www.crunchbase.com/organization/aggregate-law', 'linkedin_url': ' https://co.linkedin.com/company/aggregate-law', 'facebook_url': ' https://www.facebook.com/Aggregate.Law/'}	503
Book-It Legal	{'main_url': ' http://www.butlerelderlaw.com/blog/2018/2/22/introducing-book-it-legal-the-innovative-legal-startup-that-may-forever-change-the-student-clerkship', 'twitter_url': ' https://twitter.com/ronfriedmann?lang=en', 'angellist_url': ' https://angel.co/legal', 'crunchbase_url': ' https://www.crunchbase.com/organization/book-it-legal', 'linkedin_url': ' https://sv.linkedin.com/company/book-it-legal', 'facebook_url': ' https://www.facebook.com/BookItRep/'}	{'paperwork': 0, 'fundraising': 0, 'estate': 2, 'media': 0, 'consulting': 0, 'learning': 0, 'intelligence': 0, 'patent': 0, 'software': 0, 'budgeting': 0, 'analytics': 0, 'security': 0, 'blockchain': 0, 'litigation': 0, 'information': 2, 'trusts': 2, 'negotiation': 0, 'marketplace': 0, 'contracts': 0, 'insurance': 0, 'collaboration': 0, 'freelance': 0, 'enforcement': 0, 'education': 0, 'financials': 0, 'e-signature': 0}
BorderWise	{'main_url': ' https://www.borderwise.co/', 'twitter_url': ' https://twitter.com/borderwise_co?lang=en', 'angellist_url': ' https://angel.co/company/docketwise/jobs/683084-customer-success-manager', 'crunchbase_url': ' https://www.crunchbase.com/organization/borderwise', 'linkedin_url': ' https://www.linkedin.com/company/docketwise-software', 'facebook_url': ' https://www.facebook.com/borderwise/'}	{'paperwork': 0, 'fundraising': 0, 'estate': 0, 'media': 1, 'consulting': 0, 'learning': 0, 'intelligence': 0, 'patent': 0, 'software': 2, 'budgeting': 0, 'analytics': 1, 'security': 0, 'blockchain': 0, 'litigation': 0, 'information': 0, 'trusts': 0, 'negotiation': 0, 'marketplace': 0, 'contracts': 0, 'insurance': 0, 'collaboration': 0, 'freelance': 0, 'enforcement': 0, 'education': 0, 'financials': 0, 'e-signature': 0}
Boundless	{'main_url': '0', 'twitter_url': ' https://twitter.com/playboundless?ref_src=twsrc%5Egoogle%7Ctwcamp%5Eserp%7Ctwgr%5Eauthor', 'angellist_url': ' https://angel.co/company/boundless-immigration', 'crunchbase_url': ' https://www.crunchbase.com/organization/boundless-2', 'linkedin_url': ' https://www.linkedin.com/company/boundless-network', 'facebook_url': ' https://www.facebook.com/boundless.org/'}	
Caliber Litigation Services	{'main_url': ' https://www.litigationservices.com/news/litigation-services-continues-expand/', 'twitter_url': ' https://twitter.com/caliberls?lang=en', 'angellist_url': ' https://angel.co/company/caliber-6/jobs', 'crunchbase_url': ' https://www.crunchbase.com/organization/caliber-3', 'linkedin_url': ' https://www.linkedin.com/company/caliber-law-s-c-', 'facebook_url': ' https://www.facebook.com/pages/category/Legal-Service/Caliber-Litigation-Services-667742360095337/'}	{'paperwork': 0, 'fundraising': 0, 'estate': 0, 'media': 0, 'consulting': 0, 'learning': 0, 'intelligence': 0, 'patent': 0, 'software': 0, 'budgeting': 0, 'analytics': 1, 'security': 0, 'blockchain': 0, 'litigation': 8, 'information': 0, 'trusts': 0, 'negotiation': 0, 'marketplace': 0, 'contracts': 0, 'insurance': 0, 'collaboration': 0, 'freelance': 0, 'enforcement': 0, 'education': 0, 'financials': 0, 'e-signature': 0}
Citizen Path	{'main_url': ' https://citizenpath.com/', 'twitter_url': ' https://twitter.com/citizenpath?lang=en', 'angellist_url': ' https://citizenpath.com/', 'crunchbase_url': ' https://www.crunchbase.com/organization/citizenpath', 'linkedin_url': ' https://www.linkedin.com/company/citizenpath-com', 'facebook_url': ' https://www.facebook.com/Citizenpath/'}	{'paperwork': 2, 'fundraising': 0, 'estate': 0, 'media': 0, 'consulting': 0, 'learning': 0, 'intelligence': 0, 'patent': 0, 'software': 4, 'budgeting': 0, 'analytics': 1, 'security': 0, 'blockchain': 0, 'litigation': 0, 'information': 3, 'trusts': 0, 'negotiation': 0, 'marketplace': 0, 'contracts': 0, 'insurance': 0, 'collaboration': 0, 'freelance': 0, 'enforcement': 0, 'education': 0, 'financials': 0, 'e-signature': 0}
Claim Kit	{'main_url': ' https://www.employers.com/claims-services/claims-kit-and-forms/state-claim-kits', 'twitter_url': ' https://help.twitter.com/en/rules-and-policies/enhanced-features-agreement', 'angellist_url': ' https://angel.co/company/revive-kit-1', 'crunchbase_url': ' https://www.crunchbase.com/organization/claimkit', 'linkedin_url': ' https://www.linkedin.com/help/linkedin/answer/55962/claim-a-linkedin-listing-page?lang=en', 'facebook_url': ' https://www.facebook.com/ClaimToolkit/?ref=py_c'}	{'paperwork': 0, 'fundraising': 0, 'estate': 0, 'media': 2, 'consulting': 0, 'learning': 0, 'intelligence': 0, 'patent': 0, 'software': 0, 'budgeting': 0, 'analytics': 0, 'security': 0, 'blockchain': 0, 'litigation': 0, 'information': 2, 'trusts': 0, 'negotiation': 0, 'marketplace': 0, 'contracts': 0, 'insurance': 2, 'collaboration': 0, 'freelance': 0, 'enforcement': 0, 'education': 0, 'financials': 0, 'e-signature': 0}
ClariLegal	{'main_url': ' https://clarilegal.com/', 'twitter_url': ' https://twitter.com/clarilegal?lang=en', 'angellist_url': ' https://bostonstartups.net/', 'crunchbase_url': ' https://www.crunchbase.com/organization/clarilegal', 'linkedin_url': ' https://www.linkedin.com/company/clarilegal', 'facebook_url': ' https://www.facebook.com/ClariLegal'}	406
ClickNotice	{'main_url': ' http://www.clicknotices.com/', 'twitter_url': ' https://twitter.com/clicknotices?lang=en', 'angellist_url': ' https://angel.co/company/click-notices', 'crunchbase_url': ' https://www.crunchbase.com/organization/click-notices-inc', 'linkedin_url': ' https://www.linkedin.com/company/click-notices-inc-', 'facebook_url': ' https://www.facebook.com/clicknoticesinc/'}	{'paperwork': 0, 'fundraising': 0, 'estate': 0, 'media': 1, 'consulting': 0, 'learning': 0, 'intelligence': 0, 'patent': 0, 'software': 1, 'budgeting': 0, 'analytics': 1, 'security': 0, 'blockchain': 0, 'litigation': 0, 'information': 1, 'trusts': 0, 'negotiation': 0, 'marketplace': 0, 'contracts': 0, 'insurance': 0, 'collaboration': 0, 'freelance': 0, 'enforcement': 0, 'education': 0, 'financials': 0, 'e-signature': 0}
CoInspect	{'main_url': ' https://coinspectapp.com/', 'twitter_url': ' https://twitter.com/coinspectapp?lang=en', 'angellist_url': ' https://angel.co/company/coinspectapp', 'crunchbase_url': ' https://www.crunchbase.com/organization/mewe-inc-', 'linkedin_url': ' https://www.linkedin.com/company/coinspectapp', 'facebook_url': ' https://www.facebook.com/coinspectapp/'}	{'paperwork': 0, 'fundraising': 0, 'estate': 0, 'media': 0, 'consulting': 0, 'learning': 0, 'intelligence': 0, 'patent': 0, 'software': 0, 'budgeting': 0, 'analytics': 1, 'security': 0, 'blockchain': 0, 'litigation': 0, 'information': 1, 'trusts': 0, 'negotiation': 0, 'marketplace': 0, 'contracts': 0, 'insurance': 0, 'collaboration': 0, 'freelance': 0, 'enforcement': 0, 'education': 0, 'financials': 0, 'e-signature': 0}
Community.lawyer, P.B.C.	{'main_url': ' https://community.lawyer/', 'twitter_url': ' https://twitter.com/lawyercommunity?lang=en', 'angellist_url': ' https://community.lawyer/', 'crunchbase_url': ' https://www.crunchbase.com/organization/community-lawyer-2', 'linkedin_url': ' https://www.linkedin.com/in/thomasofficer', 'facebook_url': ' https://www.facebook.com/legalaidpbc/'}	{'paperwork': 0, 'fundraising': 0, 'estate': 0, 'media': 0, 'consulting': 0, 'learning': 0, 'intelligence': 0, 'patent': 0, 'software': 0, 'budgeting': 0, 'analytics': 1, 'security': 0, 'blockchain': 0, 'litigation': 0, 'information': 0, 'trusts': 0, 'negotiation': 0, 'marketplace': 2, 'contracts': 0, 'insurance': 0, 'collaboration': 0, 'freelance': 0, 'enforcement': 0, 'education': 0, 'financials': 0, 'e-signature': 0}
Compliance.AI	{'main_url': ' https://www.compliance.ai/', 'twitter_url': ' https://twitter.com/compliance_ai?ref_src=twsrc%5Egoogle%7Ctwcamp%5Eserp%7Ctwgr%5Eauthor', 'angellist_url': ' https://angel.co/company/compliance-ai-1', 'crunchbase_url': ' https://www.crunchbase.com/organization/compliance-ai', 'linkedin_url': ' https://www.linkedin.com/company/compliance.ai', 'facebook_url': ' https://www.facebook.com/complianceai/'}	{'paperwork': 0, 'fundraising': 1, 'estate': 1, 'media': 45, 'consulting': 1, 'learning': 2, 'intelligence': 0, 'patent': 0, 'software': 4, 'budgeting': 0, 'analytics': 1, 'security': 2, 'blockchain': 0, 'litigation': 2, 'information': 2, 'trusts': 0, 'negotiation': 0, 'marketplace': 0, 'contracts': 0, 'insurance': 1, 'collaboration': 2, 'freelance': 0, 'enforcement': 8, 'education': 0, 'financials': 0, 'e-signature': 0}
Concept Red	{'main_url': ' https://www.crunchbase.com/organization/concept-red', 'twitter_url': ' https://twitter.com/cncpts?lang=en', 'angellist_url': ' https://angel.co/company/pot80s', 'crunchbase_url': ' https://www.crunchbase.com/organization/concept-red', 'linkedin_url': ' https://www.linkedin.com/company/concept-iii-textiles', 'facebook_url': ' https://www.facebook.com/redmonmacparland/'}	403
ContractWorks	{'main_url': ' https://www.contractworks.com/', 'twitter_url': ' https://twitter.com/ContractWorks?ref_src=twsrc%5Egoogle%7Ctwcamp%5Eserp%7Ctwgr%5Eauthor', 'angellist_url': ' https://angel.co/company/maya-projects', 'crunchbase_url': ' https://www.crunchbase.com/organization/contractworks', 'linkedin_url': ' https://www.linkedin.com/showcase/contractworks-contract-management-software', 'facebook_url': ' https://www.facebook.com/contractworks/'}	{'paperwork': 0, 'fundraising': 0, 'estate': 0, 'media': 1, 'consulting': 0, 'learning': 0, 'intelligence': 2, 'patent': 0, 'software': 1, 'budgeting': 0, 'analytics': 1, 'security': 1, 'blockchain': 0, 'litigation': 0, 'information': 2, 'trusts': 0, 'negotiation': 0, 'marketplace': 0, 'contracts': 6, 'insurance': 0, 'collaboration': 0, 'freelance': 0, 'enforcement': 0, 'education': 0, 'financials': 0, 'e-signature': 0}
Court Buddy	{'main_url': ' https://www.courtbuddy.com/', 'twitter_url': ' https://twitter.com/courtbuddyinc?ref_src=twsrc%5Egoogle%7Ctwcamp%5Eserp%7Ctwgr%5Eauthor', 'angellist_url': ' https://angel.co/company/court-buddy', 'crunchbase_url': ' https://www.crunchbase.com/organization/court-buddy', 'linkedin_url': ' https://www.linkedin.com/company/courtbuddy-com', 'facebook_url': ' https://www.facebook.com/courtbuddyinc/'}	{'paperwork': 1, 'fundraising': 0, 'estate': 4, 'media': 6, 'consulting': 0, 'learning': 1, 'intelligence': 0, 'patent': 0, 'software': 0, 'budgeting': 0, 'analytics': 1, 'security': 0, 'blockchain': 0, 'litigation': 0, 'information': 8, 'trusts': 0, 'negotiation': 0, 'marketplace': 0, 'contracts': 0, 'insurance': 0, 'collaboration': 0, 'freelance': 0, 'enforcement': 0, 'education': 0, 'financials': 0, 'e-signature': 0}
Courtroom Animation	{'main_url': ' https://courtroomanimation.com/', 'twitter_url': ' https://twitter.com/courtanimation?lang=en', 'angellist_url': ' https://angel.co/company/courtroom-animation', 'crunchbase_url': ' https://www.crunchbase.com/organization/courtroom-animation', 'linkedin_url': ' https://www.linkedin.com/company/courtroom-animation', 'facebook_url': ' https://www.facebook.com/courtroomanimation/'}	{'paperwork': 0, 'fundraising': 0, 'estate': 0, 'media': 2, 'consulting': 0, 'learning': 0, 'intelligence': 0, 'patent': 0, 'software': 0, 'budgeting': 0, 'analytics': 2, 'security': 0, 'blockchain': 0, 'litigation': 0, 'information': 0, 'trusts': 0, 'negotiation': 0, 'marketplace': 0, 'contracts': 0, 'insurance': 0, 'collaboration': 0, 'freelance': 0, 'enforcement': 0, 'education': 0, 'financials': 0, 'e-signature': 0}
Courtroom Insight	{'main_url': ' https://www.courtroominsight.com/', 'twitter_url': ' https://twitter.com/CrtroomInsight/status/917795512794976256', 'angellist_url': ' https://www.courtroominsight.com/', 'crunchbase_url': ' https://www.crunchbase.com/organization/courtroom-insight', 'linkedin_url': ' https://www.linkedin.com/company/courtroom-insight', 'facebook_url': ' https://www.courtroominsight.com/'}	{'paperwork': 0, 'fundraising': 0, 'estate': 0, 'media': 1, 'consulting': 0, 'learning': 0, 'intelligence': 0, 'patent': 0, 'software': 1, 'budgeting': 0, 'analytics': 0, 'security': 0, 'blockchain': 0, 'litigation': 1, 'information': 5, 'trusts': 0, 'negotiation': 0, 'marketplace': 0, 'contracts': 0, 'insurance': 0, 'collaboration': 0, 'freelance': 0, 'enforcement': 0, 'education': 0, 'financials': 0, 'e-signature': 0}
DealBinder	{'main_url': ' https://dealbinder.com/', 'twitter_url': ' https://twitter.com/fordhamlawnyc/status/958055462590611461', 'angellist_url': ' https://yygcdv.top806hot.xyz/', 'crunchbase_url': ' https://www.crunchbase.com/organization/deal-roadshow-e1ee', 'linkedin_url': ' https://www.linkedin.com/in/jenniferpope', 'facebook_url': ' https://www.zoominfo.com/c/dealbinder-llc/442411490'}	{'paperwork': 0, 'fundraising': 0, 'estate': 1, 'media': 0, 'consulting': 0, 'learning': 0, 'intelligence': 0, 'patent': 0, 'software': 0, 'budgeting': 0, 'analytics': 1, 'security': 3, 'blockchain': 0, 'litigation': 0, 'information': 3, 'trusts': 0, 'negotiation': 0, 'marketplace': 0, 'contracts': 0, 'insurance': 0, 'collaboration': 0, 'freelance': 0, 'enforcement': 0, 'education': 0, 'financials': 0, 'e-signature': 0}
DocuCollab	{'main_url': ' https://docucollab.com/', 'twitter_url': ' https://twitter.com/docucollab?lang=en', 'angellist_url': ' http://ec2-18-136-1-48.ap-southeast-1.compute.amazonaws.com/legalscape', 'crunchbase_url': ' https://www.crunchbase.com/organization/docucollab', 'linkedin_url': ' https://www.linkedin.com/company/docucollab', 'facebook_url': ' https://www.facebook.com/DocuCollab/'}	{'paperwork': 0, 'fundraising': 0, 'estate': 0, 'media': 2, 'consulting': 0, 'learning': 1, 'intelligence': 0, 'patent': 1, 'software': 4, 'budgeting': 0, 'analytics': 2, 'security': 2, 'blockchain': 0, 'litigation': 0, 'information': 0, 'trusts': 0, 'negotiation': 2, 'marketplace': 0, 'contracts': 3, 'insurance': 0, 'collaboration': 2, 'freelance': 0, 'enforcement': 0, 'education': 0, 'financials': 0, 'e-signature': 1}
DomainSkate	{'main_url': ' https://www.domainskate.com/', 'twitter_url': ' https://twitter.com/domainskate?lang=en', 'angellist_url': ' https://angel.co/p/howard-greenstein', 'crunchbase_url': ' https://www.crunchbase.com/organization/domainskate', 'linkedin_url': ' https://www.linkedin.com/company/domainskate', 'facebook_url': ' https://www.facebook.com/DomainSkate/'}	{'paperwork': 0, 'fundraising': 0, 'estate': 0, 'media': 0, 'consulting': 0, 'learning': 0, 'intelligence': 0, 'patent': 0, 'software': 0, 'budgeting': 0, 'analytics': 0, 'security': 0, 'blockchain': 0, 'litigation': 1, 'information': 2, 'trusts': 0, 'negotiation': 0, 'marketplace': 0, 'contracts': 0, 'insurance': 0, 'collaboration': 0, 'freelance': 0, 'enforcement': 0, 'education': 0, 'financials': 0, 'e-signature': 0}
Empower Legal	{'main_url': ' https://empowerlegal.net/', 'twitter_url': ' https://twitter.com/legalempower', 'angellist_url': ' https://angel.co/legal', 'crunchbase_url': ' https://www.crunchbase.com/organization/empower-2', 'linkedin_url': ' https://www.linkedin.com/company/empower-legal-group-llc', 'facebook_url': ' https://www.facebook.com/empowerlegalgroup/'}	{'paperwork': 0, 'fundraising': 0, 'estate': 0, 'media': 11, 'consulting': 0, 'learning': 2, 'intelligence': 0, 'patent': 0, 'software': 0, 'budgeting': 0, 'analytics': 0, 'security': 0, 'blockchain': 0, 'litigation': 8, 'information': 3, 'trusts': 0, 'negotiation': 0, 'marketplace': 0, 'contracts': 0, 'insurance': 0, 'collaboration': 0, 'freelance': 0, 'enforcement': 0, 'education': 2, 'financials': 0, 'e-signature': 0}
Estate Pass	{'main_url': ' https://info.legalzoom.com/article/what-does-your-estate-mean-when-relative-has-passed-away', 'twitter_url': ' https://help.twitter.com/en/rules-and-policies/contact-twitter-about-a-deceased-family-members-account', 'angellist_url': ' https://angel.co/company/estatesafe-com', 'crunchbase_url': ' https://www.crunchbase.com/organization/estate-pass', 'linkedin_url': ' https://www.linkedin.com/company/propertypass', 'facebook_url': ' https://www.facebook.com/EstateSalesByDeAnne/'}	{'paperwork': 0, 'fundraising': 0, 'estate': 14, 'media': 2, 'consulting': 0, 'learning': 0, 'intelligence': 0, 'patent': 1, 'software': 0, 'budgeting': 0, 'analytics': 0, 'security': 0, 'blockchain': 0, 'litigation': 0, 'information': 1, 'trusts': 1, 'negotiation': 0, 'marketplace': 0, 'contracts': 0, 'insurance': 1, 'collaboration': 0, 'freelance': 0, 'enforcement': 0, 'education': 0, 'financials': 0, 'e-signature': 0}
Evidox	{'main_url': ' https://www.xactdatadiscovery.com/', 'twitter_url': ' https://twitter.com/hashtag/evidox', 'angellist_url': ' http://www.technewsbytes.com/lp/ibm/offerDetails.php?id=7874&ts=1574283376', 'crunchbase_url': ' https://www.crunchbase.com/organization/evidox', 'linkedin_url': ' https://www.linkedin.com/company/evidox', 'facebook_url': ' https://www.facebook.com/pages/category/Local-Business/Evidox-129067633785553/'}	{'paperwork': 0, 'fundraising': 0, 'estate': 0, 'media': 1, 'consulting': 0, 'learning': 0, 'intelligence': 1, 'patent': 0, 'software': 1, 'budgeting': 0, 'analytics': 1, 'security': 1, 'blockchain': 0, 'litigation': 0, 'information': 0, 'trusts': 0, 'negotiation': 0, 'marketplace': 0, 'contracts': 0, 'insurance': 0, 'collaboration': 0, 'freelance': 0, 'enforcement': 0, 'education': 1, 'financials': 0, 'e-signature': 0}
File Right	{'main_url': ' https://www.fileright.com/', 'twitter_url': ' https://help.twitter.com/en/rules-and-policies/copyright-policy', 'angellist_url': ' https://help.angel.co/', 'crunchbase_url': ' https://www.crunchbase.com/organization/file-right', 'linkedin_url': ' https://business.linkedin.com/talent-solutions/blog/2014/12/5-tips-for-picking-the-right-linkedin-profile-picture', 'facebook_url': ' https://www.facebook.com/fileright/'}	{'paperwork': 0, 'fundraising': 0, 'estate': 0, 'media': 0, 'consulting': 0, 'learning': 0, 'intelligence': 0, 'patent': 0, 'software': 4, 'budgeting': 0, 'analytics': 0, 'security': 0, 'blockchain': 0, 'litigation': 0, 'information': 0, 'trusts': 0, 'negotiation': 0, 'marketplace': 0, 'contracts': 0, 'insurance': 0, 'collaboration': 0, 'freelance': 0, 'enforcement': 0, 'education': 0, 'financials': 0, 'e-signature': 0}
FormSwift	{'main_url': ' https://formswift.com/', 'twitter_url': ' https://twitter.com/formswift?lang=en', 'angellist_url': ' https://angel.co/company/formswift-1/culture', 'crunchbase_url': ' https://www.crunchbase.com/organization/formswift', 'linkedin_url': ' https://www.linkedin.com/company/formswift', 'facebook_url': ' https://www.facebook.com/FormSwift-393792967457973/'}	{'paperwork': 0, 'fundraising': 0, 'estate': 3, 'media': 1, 'consulting': 0, 'learning': 0, 'intelligence': 0, 'patent': 0, 'software': 0, 'budgeting': 0, 'analytics': 3, 'security': 0, 'blockchain': 0, 'litigation': 0, 'information': 2, 'trusts': 0, 'negotiation': 0, 'marketplace': 0, 'contracts': 2, 'insurance': 0, 'collaboration': 0, 'freelance': 1, 'enforcement': 0, 'education': 1, 'financials': 0, 'e-signature': 0}
Headnote	{'main_url': ' https://headnote.com/', 'twitter_url': ' https://twitter.com/headnotelaw?ref_src=twsrc%5Egoogle%7Ctwcamp%5Eserp%7Ctwgr%5Eauthor', 'angellist_url': ' https://angel.co/company/headnote/jobs', 'crunchbase_url': ' https://www.crunchbase.com/organization/headnote', 'linkedin_url': ' https://www.linkedin.com/company/headnote', 'facebook_url': ' https://www.facebook.com/headnotelaw'}	{'paperwork': 0, 'fundraising': 0, 'estate': 0, 'media': 0, 'consulting': 0, 'learning': 0, 'intelligence': 0, 'patent': 0, 'software': 0, 'budgeting': 0, 'analytics': 1, 'security': 2, 'blockchain': 0, 'litigation': 0, 'information': 0, 'trusts': 0, 'negotiation': 0, 'marketplace': 0, 'contracts': 0, 'insurance': 0, 'collaboration': 0, 'freelance': 0, 'enforcement': 0, 'education': 0, 'financials': 0, 'e-signature': 0}
Hello Divorce	{'main_url': ' https://hellodivorce.com/', 'twitter_url': ' https://twitter.com/hellodivorce?ref_src=twsrc%5Egoogle%7Ctwcamp%5Eserp%7Ctwgr%5Eauthor', 'angellist_url': ' https://angel.co/company/hello-divorce', 'crunchbase_url': ' https://www.crunchbase.com/organization/partways', 'linkedin_url': ' https://www.linkedin.com/company/hello-divorce', 'facebook_url': ' https://www.facebook.com/hellodivorce/'}	{'paperwork': 1, 'fundraising': 0, 'estate': 0, 'media': 3, 'consulting': 0, 'learning': 0, 'intelligence': 0, 'patent': 0, 'software': 1, 'budgeting': 0, 'analytics': 4, 'security': 0, 'blockchain': 0, 'litigation': 0, 'information': 1, 'trusts': 0, 'negotiation': 0, 'marketplace': 0, 'contracts': 0, 'insurance': 0, 'collaboration': 0, 'freelance': 0, 'enforcement': 0, 'education': 0, 'financials': 0, 'e-signature': 0}
HLP Integration	{'main_url': ' https://hlpintegration.com/', 'twitter_url': ' https://twitter.com/hlpintegration?lang=en', 'angellist_url': ' https://hlpintegration.com/', 'crunchbase_url': ' https://www.crunchbase.com/organization/hlp-integration', 'linkedin_url': ' https://www.linkedin.com/company/hlp-integration', 'facebook_url': ' https://www.facebook.com/hlpintegration/'}	{'paperwork': 0, 'fundraising': 0, 'estate': 0, 'media': 1, 'consulting': 0, 'learning': 0, 'intelligence': 0, 'patent': 1, 'software': 0, 'budgeting': 0, 'analytics': 0, 'security': 0, 'blockchain': 0, 'litigation': 3, 'information': 2, 'trusts': 0, 'negotiation': 0, 'marketplace': 0, 'contracts': 0, 'insurance': 0, 'collaboration': 1, 'freelance': 0, 'enforcement': 0, 'education': 0, 'financials': 0, 'e-signature': 0}
ImmiGo	{'main_url': ' https://www.immigoseat.com/', 'twitter_url': ' https://twitter.com/imminet?lang=en', 'angellist_url': ' https://angel.co/company/immigo', 'crunchbase_url': ' https://www.crunchbase.com/organization/lifeimage', 'linkedin_url': ' https://zw.linkedin.com/company/askellis?trk=recent-update_see-all', 'facebook_url': ' https://www.facebook.com/imminet/posts/exciting-news-you-can-finally-buy-the-immi-go-hybrid-car-seat-online-httpimmigos/864239416928508/'}	{'paperwork': 0, 'fundraising': 0, 'estate': 0, 'media': 1, 'consulting': 0, 'learning': 0, 'intelligence': 0, 'patent': 0, 'software': 0, 'budgeting': 0, 'analytics': 2, 'security': 0, 'blockchain': 0, 'litigation': 0, 'information': 0, 'trusts': 0, 'negotiation': 0, 'marketplace': 0, 'contracts': 0, 'insurance': 0, 'collaboration': 0, 'freelance': 0, 'enforcement': 0, 'education': 0, 'financials': 0, 'e-signature': 0}
Integreon	{'main_url': ' https://www.integreon.com/', 'twitter_url': ' https://twitter.com/Integreon?ref_src=twsrc%5Egoogle%7Ctwcamp%5Eserp%7Ctwgr%5Eauthor', 'angellist_url': ' https://angel.co/company/integreon-managed-solution', 'crunchbase_url': ' https://www.crunchbase.com/organization/integreon', 'linkedin_url': ' https://www.linkedin.com/company/integreon', 'facebook_url': ' https://www.facebook.com/Integreon/'}	{'paperwork': 0, 'fundraising': 0, 'estate': 0, 'media': 1, 'consulting': 0, 'learning': 0, 'intelligence': 0, 'patent': 0, 'software': 0, 'budgeting': 0, 'analytics': 2, 'security': 0, 'blockchain': 0, 'litigation': 0, 'information': 2, 'trusts': 0, 'negotiation': 0, 'marketplace': 0, 'contracts': 1, 'insurance': 0, 'collaboration': 0, 'freelance': 0, 'enforcement': 0, 'education': 0, 'financials': 0, 'e-signature': 0}
Intensity Analytics	{'main_url': ' https://intensityanalytics.com/', 'twitter_url': ' https://twitter.com/tickstream', 'angellist_url': ' https://angel.co/company/intensity-analytics', 'crunchbase_url': ' https://www.crunchbase.com/organization/intensity-analytics', 'linkedin_url': ' https://www.linkedin.com/company/intensity-analytics', 'facebook_url': ' https://www.facebook.com/intensityanalytics/'}	{'paperwork': 0, 'fundraising': 0, 'estate': 0, 'media': 0, 'consulting': 0, 'learning': 0, 'intelligence': 0, 'patent': 0, 'software': 0, 'budgeting': 0, 'analytics': 3, 'security': 1, 'blockchain': 0, 'litigation': 0, 'information': 5, 'trusts': 0, 'negotiation': 0, 'marketplace': 0, 'contracts': 0, 'insurance': 0, 'collaboration': 0, 'freelance': 0, 'enforcement': 0, 'education': 0, 'financials': 0, 'e-signature': 0}
InterActive Legal	{'main_url': ' https://interactivelegal.com/', 'twitter_url': ' https://twitter.com/interactivlegal?lang=en', 'angellist_url': ' https://angel.co/legal-tech-1', 'crunchbase_url': ' https://www.crunchbase.com/organization/interactive-legal', 'linkedin_url': ' https://www.linkedin.com/company/interactive-legal', 'facebook_url': ' https://www.facebook.com/interactivelegal/'}	{'paperwork': 0, 'fundraising': 0, 'estate': 5, 'media': 0, 'consulting': 0, 'learning': 1, 'intelligence': 0, 'patent': 0, 'software': 3, 'budgeting': 0, 'analytics': 1, 'security': 1, 'blockchain': 0, 'litigation': 0, 'information': 4, 'trusts': 1, 'negotiation': 0, 'marketplace': 0, 'contracts': 0, 'insurance': 0, 'collaboration': 0, 'freelance': 0, 'enforcement': 0, 'education': 3, 'financials': 0, 'e-signature': 0}
Jurbid	{'main_url': ' http://www.jurbid.com/', 'twitter_url': ' https://twitter.com/jurbidlaw?lang=en', 'angellist_url': ' http://www.americanbarfoundation.org/uploads/cms/documents/report_us_digital_legal_tech_for_nonlawyers.pdf', 'crunchbase_url': ' https://www.crunchbase.com/organization/jurbid', 'linkedin_url': ' https://www.linkedin.com/company/jurbid', 'facebook_url': ' https://www.facebook.com/JurbidLaw/'}	{'paperwork': 0, 'fundraising': 0, 'estate': 0, 'media': 2, 'consulting': 0, 'learning': 0, 'intelligence': 0, 'patent': 0, 'software': 0, 'budgeting': 0, 'analytics': 2, 'security': 0, 'blockchain': 0, 'litigation': 0, 'information': 2, 'trusts': 0, 'negotiation': 0, 'marketplace': 0, 'contracts': 0, 'insurance': 0, 'collaboration': 0, 'freelance': 0, 'enforcement': 0, 'education': 0, 'financials': 0, 'e-signature': 0}
Jurilytics	{'main_url': ' https://pitchbook.com/profiles/company/119896-03', 'twitter_url': ' https://twitter.com/jurilytics?lang=en', 'angellist_url': ' https://law.stanford.edu/blog/?tax_and_terms=3149&page=1&related_organization=4148', 'crunchbase_url': ' https://rpubs.com/DanielSLee/legalanalyticsstartups', 'linkedin_url': ' https://co.linkedin.com/company/jurilytics', 'facebook_url': ' https://www.facebook.com/jurilytics/'}	{'paperwork': 0, 'fundraising': 0, 'estate': 0, 'media': 0, 'consulting': 0, 'learning': 0, 'intelligence': 0, 'patent': 0, 'software': 0, 'budgeting': 0, 'analytics': 0, 'security': 0, 'blockchain': 0, 'litigation': 1, 'information': 0, 'trusts': 0, 'negotiation': 0, 'marketplace': 0, 'contracts': 0, 'insurance': 0, 'collaboration': 0, 'freelance': 0, 'enforcement': 0, 'education': 0, 'financials': 0, 'e-signature': 0}
Lawgical	{'main_url': ' https://www.lawgical.com/', 'twitter_url': ' https://twitter.com/lawgical?lang=en', 'angellist_url': ' https://angel.co/company/lawgical-india', 'crunchbase_url': ' https://www.crunchbase.com/organization/lawgical', 'linkedin_url': ' https://www.linkedin.com/company/lawgical', 'facebook_url': ' https://www.facebook.com/lawgical/'}	{'paperwork': 0, 'fundraising': 0, 'estate': 0, 'media': 1, 'consulting': 0, 'learning': 0, 'intelligence': 0, 'patent': 0, 'software': 2, 'budgeting': 0, 'analytics': 0, 'security': 0, 'blockchain': 0, 'litigation': 0, 'information': 0, 'trusts': 0, 'negotiation': 0, 'marketplace': 0, 'contracts': 0, 'insurance': 0, 'collaboration': 0, 'freelance': 0, 'enforcement': 0, 'education': 0, 'financials': 0, 'e-signature': 0}
Lawlytics	{'main_url': ' https://www.lawlytics.com/', 'twitter_url': ' https://twitter.com/LawLytics?ref_src=twsrc%5Egoogle%7Ctwcamp%5Eserp%7Ctwgr%5Eauthor', 'angellist_url': ' https://angel.co/company/rmd-law/jobs', 'crunchbase_url': ' https://www.crunchbase.com/organization/lawlytics', 'linkedin_url': ' https://www.linkedin.com/company/lawlytics', 'facebook_url': ' https://www.facebook.com/LawLytics/'}	{'paperwork': 0, 'fundraising': 0, 'estate': 0, 'media': 3, 'consulting': 0, 'learning': 0, 'intelligence': 0, 'patent': 0, 'software': 1, 'budgeting': 0, 'analytics': 2, 'security': 0, 'blockchain': 0, 'litigation': 0, 'information': 1, 'trusts': 0, 'negotiation': 0, 'marketplace': 0, 'contracts': 0, 'insurance': 0, 'collaboration': 0, 'freelance': 0, 'enforcement': 0, 'education': 0, 'financials': 0, 'e-signature': 0}
LawRevu	{'main_url': ' https://www.crunchbase.com/organization/lawrevu-inc', 'twitter_url': ' https://twitter.com/lawrevu?lang=en', 'angellist_url': ' https://angel.co/company/lawrevu', 'crunchbase_url': ' https://www.crunchbase.com/organization/lawrevu-inc', 'linkedin_url': ' https://gt.linkedin.com/company/lawrevu-inc-', 'facebook_url': ' https://www.facebook.com/pages/LawRevu-Inc/1149761998372307'}	403
Legably	{'main_url': ' https://www.legably.com/', 'twitter_url': ' https://twitter.com/legably?lang=en', 'angellist_url': ' https://angel.co/company/legably-1', 'crunchbase_url': ' https://www.crunchbase.com/organization/legably', 'linkedin_url': ' https://www.linkedin.com/company/legably', 'facebook_url': ' https://www.facebook.com/Legably/'}	{'paperwork': 0, 'fundraising': 0, 'estate': 0, 'media': 0, 'consulting': 0, 'learning': 0, 'intelligence': 0, 'patent': 0, 'software': 1, 'budgeting': 0, 'analytics': 0, 'security': 0, 'blockchain': 0, 'litigation': 0, 'information': 0, 'trusts': 0, 'negotiation': 0, 'marketplace': 0, 'contracts': 0, 'insurance': 0, 'collaboration': 0, 'freelance': 1, 'enforcement': 0, 'education': 0, 'financials': 0, 'e-signature': 0}
Legal Analytics Corporation	{'main_url': ' https://lexmachina.com/company/', 'twitter_url': ' https://help.twitter.com/en/rules-and-policies/twitter-legal-faqs', 'angellist_url': ' https://angel.co/legal', 'crunchbase_url': ' https://www.crunchbase.com/organization/advanced-legal-analytics-ala', 'linkedin_url': ' https://www.linkedin.com/company/lex-machina', 'facebook_url': ' https://www.facebook.com/policy.php'}	{'paperwork': 0, 'fundraising': 0, 'estate': 0, 'media': 2, 'consulting': 0, 'learning': 0, 'intelligence': 0, 'patent': 1, 'software': 0, 'budgeting': 0, 'analytics': 1, 'security': 0, 'blockchain': 0, 'litigation': 4, 'information': 1, 'trusts': 0, 'negotiation': 0, 'marketplace': 0, 'contracts': 0, 'insurance': 0, 'collaboration': 0, 'freelance': 0, 'enforcement': 0, 'education': 0, 'financials': 0, 'e-signature': 0}
Legal Document Server	{'main_url': ' https://www.legaldocumentserver.com/', 'twitter_url': ' https://help.twitter.com/en/rules-and-policies/twitter-legal-faqs', 'angellist_url': ' https://angel.co/company/legaldocs-2/jobs', 'crunchbase_url': ' https://www.crunchbase.com/organization/legal-document-server-inc', 'linkedin_url': ' https://www.linkedin.com/company/legal-document-server-inc-', 'facebook_url': ' https://www.facebook.com/LegalDocumentServer/'}	406
Legal Publish	{'main_url': ' http://www.legalpublish.com/', 'twitter_url': ' https://www.howtogeek.com/310158/are-other-people-allowed-to-use-my-tweets/', 'angellist_url': ' https://angel.co/company/new-media-legal-publishing-2', 'crunchbase_url': ' https://www.crunchbase.com/organization/new-media-legal-publishing', 'linkedin_url': ' https://www.linkedin.com/company/legal-publish-llc', 'facebook_url': ' https://abovethelaw.com/2016/10/stop-posting-that-facebook-privacy-notice-your-pseudo-legalese-means-nothing/'}	{'paperwork': 0, 'fundraising': 0, 'estate': 0, 'media': 2, 'consulting': 0, 'learning': 0, 'intelligence': 0, 'patent': 0, 'software': 0, 'budgeting': 0, 'analytics': 1, 'security': 0, 'blockchain': 0, 'litigation': 0, 'information': 0, 'trusts': 0, 'negotiation': 0, 'marketplace': 0, 'contracts': 0, 'insurance': 0, 'collaboration': 0, 'freelance': 0, 'enforcement': 0, 'education': 0, 'financials': 0, 'e-signature': 0}
Legal Shield	{'main_url': ' https://www.legalshield.com/', 'twitter_url': ' https://twitter.com/legalshield?ref_src=twsrc%5Egoogle%7Ctwcamp%5Eserp%7Ctwgr%5Eauthor', 'angellist_url': ' https://angel.co/company/legal-shield', 'crunchbase_url': ' https://www.crunchbase.com/organization/legalshield', 'linkedin_url': ' https://www.linkedin.com/company/legalshieldofficial', 'facebook_url': ' https://www.facebook.com/LegalShield/'}	{'paperwork': 0, 'fundraising': 0, 'estate': 0, 'media': 1, 'consulting': 0, 'learning': 0, 'intelligence': 0, 'patent': 0, 'software': 0, 'budgeting': 0, 'analytics': 0, 'security': 0, 'blockchain': 0, 'litigation': 0, 'information': 0, 'trusts': 0, 'negotiation': 0, 'marketplace': 0, 'contracts': 0, 'insurance': 0, 'collaboration': 0, 'freelance': 0, 'enforcement': 0, 'education': 0, 'financials': 0, 'e-signature': 0}
Legalinc	{'main_url': ' https://legalinc.com/', 'twitter_url': ' https://twitter.com/LegalincCS?ref_src=twsrc%5Egoogle%7Ctwcamp%5Eserp%7Ctwgr%5Eauthor', 'angellist_url': ' https://legalinc.com/', 'crunchbase_url': ' https://www.crunchbase.com/organization/legal-inc', 'linkedin_url': ' https://www.linkedin.com/company/legalinc', 'facebook_url': ' https://www.facebook.com/legalinc/'}	{'paperwork': 0, 'fundraising': 0, 'estate': 0, 'media': 1, 'consulting': 0, 'learning': 0, 'intelligence': 0, 'patent': 0, 'software': 1, 'budgeting': 0, 'analytics': 0, 'security': 0, 'blockchain': 0, 'litigation': 0, 'information': 0, 'trusts': 0, 'negotiation': 0, 'marketplace': 0, 'contracts': 0, 'insurance': 0, 'collaboration': 0, 'freelance': 0, 'enforcement': 0, 'education': 0, 'financials': 0, 'e-signature': 0}
LexRoll.com	{'main_url': ' https://lexroll.com/', 'twitter_url': ' https://twitter.com/lexrollc', 'angellist_url': ' https://www.peekyou.com/jacqueline_dedell', 'crunchbase_url': ' https://www.seoblog.com/remove-legal-case-google/', 'linkedin_url': ' https://lawyers.lexroll.com/directory/listing/thomason-maples-allsup-clay-thomason/related?view=list&category=0&zoom=15&is_mile=0&directory_radius=0&sort=random&p=7', 'facebook_url': ' https://www.facebook.com/public/Lex-Roll'}	406
LexSource	{'main_url': ' https://lexsource.com/', 'twitter_url': ' https://lexsource.com/', 'angellist_url': '0', 'crunchbase_url': ' http://compgroups.net/comp.unix.aix/aix-4.3.3-in-vmware/1248998', 'linkedin_url': ' https://www.linkedin.com/company/lexsource-llc', 'facebook_url': ' https://www.facebook.com/public/Lex-Source'}	406
Mark43	{'main_url': ' https://www.mark43.com/', 'twitter_url': ' https://twitter.com/mark43?ref_src=twsrc%5Egoogle%7Ctwcamp%5Eserp%7Ctwgr%5Eauthor', 'angellist_url': ' https://angel.co/company/mark43', 'crunchbase_url': ' https://www.crunchbase.com/organization/mark43', 'linkedin_url': ' https://www.linkedin.com/company/mark43', 'facebook_url': ' https://www.facebook.com/mark43software/'}	{'paperwork': 0, 'fundraising': 0, 'estate': 0, 'media': 0, 'consulting': 0, 'learning': 0, 'intelligence': 0, 'patent': 0, 'software': 4, 'budgeting': 0, 'analytics': 2, 'security': 1, 'blockchain': 0, 'litigation': 0, 'information': 1, 'trusts': 0, 'negotiation': 0, 'marketplace': 0, 'contracts': 0, 'insurance': 0, 'collaboration': 0, 'freelance': 0, 'enforcement': 2, 'education': 0, 'financials': 0, 'e-signature': 0}
Mastly	{'main_url': ' https://angel.co/company/mastly', 'twitter_url': ' https://twitter.com/mostlycorrectgy?lang=en', 'angellist_url': ' https://angel.co/company/mastly', 'crunchbase_url': ' https://www.crunchbase.com/organization/mostly-ai', 'linkedin_url': ' https://www.linkedin.com/company/mostlyai', 'facebook_url': ' https://www.facebook.com/mostlykosher/'}	403
MetaJure	{'main_url': ' https://metajure.com/', 'twitter_url': ' https://twitter.com/metajure_inc?lang=en', 'angellist_url': ' https://angel.co/company/metajure', 'crunchbase_url': ' https://www.crunchbase.com/organization/metajure', 'linkedin_url': ' https://www.linkedin.com/company/metajure-inc-', 'facebook_url': ' https://www.facebook.com/pages/category/Internet-Company/MetaJure-Inc-192570250843898/'}	{'paperwork': 0, 'fundraising': 0, 'estate': 0, 'media': 6, 'consulting': 0, 'learning': 0, 'intelligence': 0, 'patent': 0, 'software': 1, 'budgeting': 0, 'analytics': 1, 'security': 1, 'blockchain': 0, 'litigation': 0, 'information': 0, 'trusts': 0, 'negotiation': 0, 'marketplace': 0, 'contracts': 0, 'insurance': 0, 'collaboration': 0, 'freelance': 0, 'enforcement': 0, 'education': 0, 'financials': 0, 'e-signature': 0}
Metaspike	{'main_url': ' https://www.metaspike.com/', 'twitter_url': ' https://twitter.com/metaspikehq?lang=en', 'angellist_url': ' http://ec2-18-136-1-48.ap-southeast-1.compute.amazonaws.com/legalscape', 'crunchbase_url': ' https://www.crunchbase.com/organization/metaspike-inc', 'linkedin_url': ' https://www.linkedin.com/company/metaspike', 'facebook_url': ' https://www.facebook.com/metaspike/'}	{'paperwork': 0, 'fundraising': 0, 'estate': 0, 'media': 2, 'consulting': 0, 'learning': 0, 'intelligence': 0, 'patent': 0, 'software': 1, 'budgeting': 0, 'analytics': 1, 'security': 0, 'blockchain': 0, 'litigation': 0, 'information': 0, 'trusts': 0, 'negotiation': 0, 'marketplace': 0, 'contracts': 0, 'insurance': 0, 'collaboration': 0, 'freelance': 0, 'enforcement': 0, 'education': 0, 'financials': 0, 'e-signature': 0}
Montage	{'main_url': '0', 'twitter_url': ' https://twitter.com/montagehotels?lang=en', 'angellist_url': ' https://angel.co/company/montage_', 'crunchbase_url': ' https://www.crunchbase.com/organization/montage-talent', 'linkedin_url': ' https://www.linkedin.com/company/montage', 'facebook_url': ' https://www.facebook.com/MontageLagunaBeach/'}	
Name Warden	{'main_url': ' https://www.namewarden.com/', 'twitter_url': ' https://twitter.com/namewarden?lang=en', 'angellist_url': ' https://www.ancestry.com/name-origin?surname=warden', 'crunchbase_url': ' https://www.crunchbase.com/organization/warden', 'linkedin_url': ' https://www.linkedin.com/company/name-warden-llc', 'facebook_url': ' https://www.facebook.com/public/John-Warden'}	{'paperwork': 0, 'fundraising': 0, 'estate': 0, 'media': 1, 'consulting': 0, 'learning': 0, 'intelligence': 0, 'patent': 0, 'software': 0, 'budgeting': 0, 'analytics': 1, 'security': 0, 'blockchain': 0, 'litigation': 0, 'information': 0, 'trusts': 0, 'negotiation': 0, 'marketplace': 0, 'contracts': 0, 'insurance': 0, 'collaboration': 0, 'freelance': 0, 'enforcement': 0, 'education': 0, 'financials': 0, 'e-signature': 0}
NetLaw	{'main_url': ' https://www.netlawinc.com/', 'twitter_url': ' https://twitter.com/netlawinc?lang=en', 'angellist_url': ' https://angel.co/company/netlaw', 'crunchbase_url': ' https://www.crunchbase.com/organization/netlaw', 'linkedin_url': ' https://www.linkedin.com/company/netlaw', 'facebook_url': ' https://www.facebook.com/netlawgroup/'}	{'paperwork': 0, 'fundraising': 0, 'estate': 6, 'media': 3, 'consulting': 0, 'learning': 0, 'intelligence': 0, 'patent': 0, 'software': 1, 'budgeting': 0, 'analytics': 2, 'security': 1, 'blockchain': 0, 'litigation': 0, 'information': 1, 'trusts': 0, 'negotiation': 0, 'marketplace': 0, 'contracts': 0, 'insurance': 0, 'collaboration': 0, 'freelance': 0, 'enforcement': 0, 'education': 0, 'financials': 0, 'e-signature': 0}
NexLP	{'main_url': ' https://www.nexlp.com/', 'twitter_url': ' https://twitter.com/nexlp_inc?lang=en', 'angellist_url': ' https://angel.co/company/techstars/funding', 'crunchbase_url': ' https://www.crunchbase.com/organization/nexlp', 'linkedin_url': ' https://www.linkedin.com/company/nexlp', 'facebook_url': ' https://www.facebook.com/NexLPChicago/'}	{'paperwork': 0, 'fundraising': 0, 'estate': 0, 'media': 1, 'consulting': 0, 'learning': 3, 'intelligence': 1, 'patent': 0, 'software': 0, 'budgeting': 0, 'analytics': 7, 'security': 1, 'blockchain': 0, 'litigation': 0, 'information': 1, 'trusts': 0, 'negotiation': 0, 'marketplace': 0, 'contracts': 0, 'insurance': 0, 'collaboration': 0, 'freelance': 0, 'enforcement': 0, 'education': 0, 'financials': 0, 'e-signature': 0}
Page Vault	{'main_url': ' https://www.page-vault.com/', 'twitter_url': ' https://twitter.com/pagevault?ref_src=twsrc%5Egoogle%7Ctwcamp%5Eserp%7Ctwgr%5Eauthor', 'angellist_url': ' https://angel.co/company/wevorce', 'crunchbase_url': ' https://www.crunchbase.com/organization/page-vault-inc', 'linkedin_url': ' https://www.linkedin.com/company/page-vault', 'facebook_url': ' https://www.page-vault.com/resources/how-to-save-print-facebook/'}	{'paperwork': 0, 'fundraising': 0, 'estate': 0, 'media': 2, 'consulting': 0, 'learning': 0, 'intelligence': 0, 'patent': 0, 'software': 5, 'budgeting': 0, 'analytics': 0, 'security': 0, 'blockchain': 0, 'litigation': 1, 'information': 1, 'trusts': 0, 'negotiation': 0, 'marketplace': 0, 'contracts': 0, 'insurance': 0, 'collaboration': 0, 'freelance': 0, 'enforcement': 0, 'education': 0, 'financials': 0, 'e-signature': 0}
Picture It Settled	{'main_url': ' http://www.pictureitsettled.com/', 'twitter_url': ' https://twitter.com/settledrs?lang=en', 'angellist_url': ' https://angel.co/company/picture-it-settled', 'crunchbase_url': ' https://www.crunchbase.com/organization/picture-it-settled/timeline/timeline', 'linkedin_url': ' https://www.linkedin.com/company/settled', 'facebook_url': ' https://www.facebook.com/PictureItSettled/'}	{'paperwork': 0, 'fundraising': 0, 'estate': 0, 'media': 2, 'consulting': 0, 'learning': 0, 'intelligence': 0, 'patent': 1, 'software': 3, 'budgeting': 0, 'analytics': 2, 'security': 1, 'blockchain': 0, 'litigation': 0, 'information': 1, 'trusts': 0, 'negotiation': 9, 'marketplace': 0, 'contracts': 0, 'insurance': 0, 'collaboration': 0, 'freelance': 0, 'enforcement': 0, 'education': 0, 'financials': 0, 'e-signature': 0}
Planning Blox	{'main_url': ' http://planningblox.com/', 'twitter_url': ' https://twitter.com/planningblox?lang=en', 'angellist_url': ' https://angel.co/company/planning-in-a-box', 'crunchbase_url': ' https://www.crunchbase.com/organization/startblox', 'linkedin_url': ' https://www.linkedin.com/company/planning-blox', 'facebook_url': ' https://www.facebook.com/pages/Planning-Blox-LLC/598931526925575'}	{'paperwork': 0, 'fundraising': 0, 'estate': 0, 'media': 0, 'consulting': 0, 'learning': 0, 'intelligence': 0, 'patent': 0, 'software': 0, 'budgeting': 0, 'analytics': 1, 'security': 0, 'blockchain': 0, 'litigation': 0, 'information': 0, 'trusts': 0, 'negotiation': 0, 'marketplace': 0, 'contracts': 0, 'insurance': 0, 'collaboration': 0, 'freelance': 0, 'enforcement': 0, 'education': 0, 'financials': 0, 'e-signature': 0}
PracticePanther	{'main_url': ' https://www.practicepanther.com/', 'twitter_url': ' https://twitter.com/practicepanther?lang=en', 'angellist_url': ' https://angel.co/company/practicepantherreviews', 'crunchbase_url': ' https://www.crunchbase.com/organization/practicepanther', 'linkedin_url': ' https://www.linkedin.com/company/practicepanther-law-practice-management-software', 'facebook_url': ' https://www.facebook.com/practicepanther/'}	406
PracticePro	{'main_url': ' https://www.practicepro.cc/', 'twitter_url': ' https://twitter.com/myPracticePro?ref_src=twsrc%5Egoogle%7Ctwcamp%5Eserp%7Ctwgr%5Eauthor', 'angellist_url': ' https://angel.co/company/kitty-hunk/people', 'crunchbase_url': ' https://www.crunchbase.com/organization/practice-pro', 'linkedin_url': ' https://www.linkedin.com/company/practicepro', 'facebook_url': ' https://www.facebook.com/mypracticepro/'}	406
Praktio	{'main_url': ' https://praktio.com/', 'twitter_url': ' https://twitter.com/praktio?lang=en', 'angellist_url': ' https://digitalcommons.law.msu.edu/cgi/viewcontent.cgi?article=1540&context=facpubs', 'crunchbase_url': ' https://taskforces.osbar.org/files/2018/05/LawGeex-The-In-House-Counsels-LegalTech-Buyers-Guide-2018-Edition.pdf', 'linkedin_url': ' https://www.linkedin.com/company/praktio', 'facebook_url': ' https://p.facebook.com/praktio/'}	{'paperwork': 0, 'fundraising': 0, 'estate': 0, 'media': 3, 'consulting': 0, 'learning': 0, 'intelligence': 0, 'patent': 0, 'software': 1, 'budgeting': 0, 'analytics': 0, 'security': 0, 'blockchain': 0, 'litigation': 0, 'information': 1, 'trusts': 0, 'negotiation': 0, 'marketplace': 0, 'contracts': 1, 'insurance': 0, 'collaboration': 0, 'freelance': 0, 'enforcement': 0, 'education': 0, 'financials': 0, 'e-signature': 0}
PrimaFacie	{'main_url': '0', 'twitter_url': ' https://twitter.com/primafacie', 'angellist_url': ' https://angel.co/company/valustat', 'crunchbase_url': ' https://www.crunchbase.com/organization/primafacie', 'linkedin_url': ' https://www.linkedin.com/company/primafacie', 'facebook_url': ' https://www.facebook.com/primafacienow/'}	
Promise	{'main_url': '0', 'twitter_url': ' https://twitter.github.io/util/docs/com/twitter/util/Promise.html', 'angellist_url': ' https://angel.co/company/promise-technology', 'crunchbase_url': ' https://www.crunchbase.com/organization/promise', 'linkedin_url': ' https://www.linkedin.com/company/joinpromise', 'facebook_url': ' https://www.facebook.com/public/Promise'}	
Qualmet	{'main_url': ' https://www.qualmetlegal.com/', 'twitter_url': ' https://twitter.com/qualmetlegal?lang=en', 'angellist_url': ' https://angel.co/company/code-climate', 'crunchbase_url': ' https://www.crunchbase.com/organization/qualmet', 'linkedin_url': ' https://www.linkedin.com/company/qualmet', 'facebook_url': ' https://www.facebook.com/qualmetlegal/'}	
Relativity	{'main_url': '0', 'twitter_url': ' https://twitter.com/RelativityHQ?ref_src=twsrc%5Egoogle%7Ctwcamp%5Eserp%7Ctwgr%5Eauthor', 'angellist_url': ' https://angel.co/company/relativity-2', 'crunchbase_url': ' https://www.crunchbase.com/organization/kcura', 'linkedin_url': ' https://www.linkedin.com/company/relativityhq', 'facebook_url': ' https://www.facebook.com/RelativityHQ/'}	
ReplyToSome	{'main_url': ' https://www.replytosome.com/', 'twitter_url': ' https://twitter.com/winniewarellc?lang=en', 'angellist_url': ' https://angel.co/company/winnieware-1', 'crunchbase_url': ' https://www.crunchbase.com/organization/winnieware-llc', 'linkedin_url': ' https://www.linkedin.com/showcase/replytosome', 'facebook_url': ' https://www.facebook.com/replytosome/'}	{'paperwork': 0, 'fundraising': 0, 'estate': 0, 'media': 1, 'consulting': 0, 'learning': 0, 'intelligence': 0, 'patent': 0, 'software': 0, 'budgeting': 0, 'analytics': 1, 'security': 0, 'blockchain': 0, 'litigation': 0, 'information': 2, 'trusts': 0, 'negotiation': 3, 'marketplace': 0, 'contracts': 0, 'insurance': 0, 'collaboration': 0, 'freelance': 0, 'enforcement': 0, 'education': 0, 'financials': 0, 'e-signature': 0}
ROSS Intelligence	{'main_url': ' https://rossintelligence.com/', 'twitter_url': ' https://twitter.com/rossintel?lang=en', 'angellist_url': ' https://angel.co/company/ross-intelligence', 'crunchbase_url': ' https://www.crunchbase.com/organization/ross-intelligence', 'linkedin_url': ' https://www.linkedin.com/company/ross-inc', 'facebook_url': ' https://www.facebook.com/rossintelligence/'}	200
Safe Corp	{'main_url': ' https://www.safe-corp.com/', 'twitter_url': ' https://about.twitter.com/en_us/safety.html', 'angellist_url': ' https://angel.co/company/safegroup', 'crunchbase_url': ' https://www.crunchbase.com/organization/safecorp-technology', 'linkedin_url': ' https://www.linkedin.com/company/safe-corporation', 'facebook_url': ' https://www.facebook.com/CASafeCorps/'}	{'paperwork': 0, 'fundraising': 0, 'estate': 0, 'media': 0, 'consulting': 0, 'learning': 0, 'intelligence': 0, 'patent': 4, 'software': 10, 'budgeting': 0, 'analytics': 1, 'security': 0, 'blockchain': 0, 'litigation': 2, 'information': 2, 'trusts': 0, 'negotiation': 0, 'marketplace': 0, 'contracts': 0, 'insurance': 0, 'collaboration': 0, 'freelance': 0, 'enforcement': 0, 'education': 0, 'financials': 0, 'e-signature': 0}
Scroll	{'main_url': ' https://scroll.com/', 'twitter_url': ' https://twitter.com/scroll_in?ref_src=twsrc%5Egoogle%7Ctwcamp%5Eserp%7Ctwgr%5Eauthor', 'angellist_url': ' https://angel.co/company/scroll-network', 'crunchbase_url': ' https://www.crunchbase.com/organization/scroll', 'linkedin_url': ' https://www.linkedin.com/company/scroll.com', 'facebook_url': ' https://www.facebook.com/scroll.in/'}	{'paperwork': 0, 'fundraising': 0, 'estate': 0, 'media': 0, 'consulting': 0, 'learning': 0, 'intelligence': 0, 'patent': 0, 'software': 0, 'budgeting': 0, 'analytics': 0, 'security': 0, 'blockchain': 0, 'litigation': 0, 'information': 0, 'trusts': 0, 'negotiation': 0, 'marketplace': 0, 'contracts': 0, 'insurance': 0, 'collaboration': 0, 'freelance': 0, 'enforcement': 0, 'education': 0, 'financials': 0, 'e-signature': 0}
Seal Software	{'main_url': ' https://www.seal-software.com/', 'twitter_url': ' https://twitter.com/sealsoftware?lang=en', 'angellist_url': ' https://angel.co/company/seal-software', 'crunchbase_url': ' https://www.crunchbase.com/organization/seal-software-com', 'linkedin_url': ' https://www.linkedin.com/company/seal-software-group', 'facebook_url': ' https://www.facebook.com/pages/Seal-Software-Group/291427224209315'}	{'paperwork': 0, 'fundraising': 0, 'estate': 0, 'media': 6, 'consulting': 0, 'learning': 0, 'intelligence': 2, 'patent': 0, 'software': 10, 'budgeting': 0, 'analytics': 3, 'security': 1, 'blockchain': 0, 'litigation': 0, 'information': 1, 'trusts': 0, 'negotiation': 0, 'marketplace': 0, 'contracts': 6, 'insurance': 0, 'collaboration': 0, 'freelance': 0, 'enforcement': 0, 'education': 0, 'financials': 0, 'e-signature': 0}
Separate.Us	{'main_url': ' https://idioms.thefreedictionary.com/separate+us+from', 'twitter_url': ' https://twitter.com/separate_us', 'angellist_url': ' https://angel.co/company/separate-us/funding', 'crunchbase_url': ' https://www.crunchbase.com/organization/separate-us', 'linkedin_url': ' https://www.linkedin.com/company/separate-us', 'facebook_url': ' https://www.facebook.com/separate.us/'}	{'paperwork': 0, 'fundraising': 0, 'estate': 0, 'media': 2, 'consulting': 0, 'learning': 0, 'intelligence': 0, 'patent': 0, 'software': 0, 'budgeting': 0, 'analytics': 1, 'security': 0, 'blockchain': 0, 'litigation': 0, 'information': 1, 'trusts': 0, 'negotiation': 0, 'marketplace': 0, 'contracts': 0, 'insurance': 0, 'collaboration': 0, 'freelance': 0, 'enforcement': 0, 'education': 0, 'financials': 0, 'e-signature': 0}
SmartContract	{'main_url': ' https://www.smartcontract.com/', 'twitter_url': ' https://twitter.com/Smart_Contract?ref_src=twsrc%5Egoogle%7Ctwcamp%5Eserp%7Ctwgr%5Eauthor', 'angellist_url': ' https://angel.co/company/smartcontract', 'crunchbase_url': ' https://www.crunchbase.com/organization/smartcontract', 'linkedin_url': ' https://www.linkedin.com/company/smartcontract', 'facebook_url': ' https://www.facebook.com/smartcontractthailand/'}	{'paperwork': 0, 'fundraising': 0, 'estate': 0, 'media': 0, 'consulting': 0, 'learning': 0, 'intelligence': 0, 'patent': 0, 'software': 0, 'budgeting': 0, 'analytics': 0, 'security': 0, 'blockchain': 1, 'litigation': 0, 'information': 0, 'trusts': 0, 'negotiation': 0, 'marketplace': 0, 'contracts': 13, 'insurance': 0, 'collaboration': 0, 'freelance': 0, 'enforcement': 0, 'education': 0, 'financials': 0, 'e-signature': 0}
SmartUp Legal	{'main_url': ' https://www.smartuplegal.com/', 'twitter_url': ' https://twitter.com/smartup_?lang=en', 'angellist_url': ' https://angel.co/company/smartup-5', 'crunchbase_url': ' https://www.crunchbase.com/organization/smartup', 'linkedin_url': ' https://www.linkedin.com/company/smartuplegal', 'facebook_url': ' https://www.facebook.com/smartuplegal/'}	{'paperwork': 0, 'fundraising': 0, 'estate': 0, 'media': 4, 'consulting': 0, 'learning': 0, 'intelligence': 0, 'patent': 2, 'software': 0, 'budgeting': 0, 'analytics': 0, 'security': 0, 'blockchain': 0, 'litigation': 0, 'information': 0, 'trusts': 0, 'negotiation': 0, 'marketplace': 0, 'contracts': 0, 'insurance': 0, 'collaboration': 0, 'freelance': 0, 'enforcement': 0, 'education': 0, 'financials': 0, 'e-signature': 0}
Social Evidence	{'main_url': '0', 'twitter_url': ' https://twitter.com/social_evidence?lang=en', 'angellist_url': ' https://angel.co/company/toonari', 'crunchbase_url': ' https://www.crunchbase.com/organization/social-evidence', 'linkedin_url': ' https://www.linkedin.com/pulse/12-ways-build-social-proof-linkedin-nathanial-bibby', 'facebook_url': ' https://revealbot.com/blog/social-proof-facebook-ads/'}	
SupportHound	{'main_url': ' https://www.lawsitesblog.com/2019/05/another-legal-tech-startup-is-shutting-down.html', 'twitter_url': ' https://twitter.com/hashtag/supportdog?lang=en', 'angellist_url': ' http://www.americanbarfoundation.org/uploads/cms/documents/report_us_digital_legal_tech_for_nonlawyers.pdf', 'crunchbase_url': ' http://www.americanbarfoundation.org/uploads/cms/documents/report_us_digital_legal_tech_for_nonlawyers.pdf', 'linkedin_url': ' https://www.linkedin.com/in/juliegentiliarmbrust', 'facebook_url': ' https://www.facebook.com/pages/category/Medical---Health/Supportdog-100533498329747/'}	{'paperwork': 0, 'fundraising': 0, 'estate': 0, 'media': 7, 'consulting': 0, 'learning': 0, 'intelligence': 0, 'patent': 0, 'software': 0, 'budgeting': 0, 'analytics': 1, 'security': 0, 'blockchain': 0, 'litigation': 0, 'information': 0, 'trusts': 0, 'negotiation': 1, 'marketplace': 0, 'contracts': 0, 'insurance': 0, 'collaboration': 0, 'freelance': 0, 'enforcement': 0, 'education': 0, 'financials': 0, 'e-signature': 0}
Tali	{'main_url': '0', 'twitter_url': ' https://twitter.com/xitllaliloya?lang=en', 'angellist_url': ' https://angel.co/company/telltali', 'crunchbase_url': ' https://www.crunchbase.com/organization/tali', 'linkedin_url': ' https://www.linkedin.com/company/tali', 'facebook_url': ' https://www.facebook.com/taliofficial/'}	
TalksOnLaw	{'main_url': ' https://www.talksonlaw.com/', 'twitter_url': ' https://twitter.com/TalksOnLaw?ref_src=twsrc%5Egoogle%7Ctwcamp%5Eserp%7Ctwgr%5Eauthor', 'angellist_url': ' https://www.youtube.com/watch?v=MnmrV_v2m5w', 'crunchbase_url': ' http://www.americanbarfoundation.org/uploads/cms/documents/report_us_digital_legal_tech_for_nonlawyers.pdf', 'linkedin_url': ' https://www.linkedin.com/company/talks-on-law', 'facebook_url': ' https://www.facebook.com/TalksOnLaw/'}	{'paperwork': 0, 'fundraising': 0, 'estate': 0, 'media': 3, 'consulting': 0, 'learning': 0, 'intelligence': 0, 'patent': 0, 'software': 0, 'budgeting': 0, 'analytics': 1, 'security': 0, 'blockchain': 0, 'litigation': 0, 'information': 0, 'trusts': 0, 'negotiation': 0, 'marketplace': 0, 'contracts': 0, 'insurance': 0, 'collaboration': 0, 'freelance': 0, 'enforcement': 3, 'education': 1, 'financials': 0, 'e-signature': 0}
TestMax	{'main_url': ' https://testmaxprep.com/', 'twitter_url': ' https://twitter.com/testmax?lang=en', 'angellist_url': ' https://angel.co/company/testmax/jobs', 'crunchbase_url': ' https://www.crunchbase.com/organization/testmax', 'linkedin_url': ' https://www.linkedin.com/company/testmax-inc', 'facebook_url': ' https://www.facebook.com/mytestmax/'}	{'paperwork': 0, 'fundraising': 0, 'estate': 0, 'media': 0, 'consulting': 0, 'learning': 0, 'intelligence': 0, 'patent': 0, 'software': 0, 'budgeting': 0, 'analytics': 0, 'security': 0, 'blockchain': 0, 'litigation': 0, 'information': 3, 'trusts': 0, 'negotiation': 0, 'marketplace': 0, 'contracts': 0, 'insurance': 0, 'collaboration': 0, 'freelance': 0, 'enforcement': 0, 'education': 0, 'financials': 0, 'e-signature': 0}
Theory and Principle	{'main_url': ' http://scholar.google.com/scholar?q=Theory+and+Principle&hl=en&as_sdt=0&as_vis=1&oi=scholart', 'twitter_url': ' http://scholar.google.com/scholar?q=Theory+and+Principle+twitter&hl=en&as_sdt=0&as_vis=1&oi=scholart', 'angellist_url': ' https://angel.co/company/theory-and-principle', 'crunchbase_url': ' https://www.crunchbase.com/organization/theory-and-principle', 'linkedin_url': ' https://www.linkedin.com/company/theory-and-principle', 'facebook_url': ' https://www.facebook.com/igmaStuttgart/'}	{'paperwork': 0, 'fundraising': 0, 'estate': 0, 'media': 1, 'consulting': 0, 'learning': 1, 'intelligence': 0, 'patent': 2, 'software': 0, 'budgeting': 0, 'analytics': 0, 'security': 0, 'blockchain': 0, 'litigation': 0, 'information': 2, 'trusts': 0, 'negotiation': 0, 'marketplace': 0, 'contracts': 0, 'insurance': 0, 'collaboration': 0, 'freelance': 0, 'enforcement': 0, 'education': 0, 'financials': 0, 'e-signature': 0}
Track With Ease	{'main_url': ' https://www.trackwithease.com/', 'twitter_url': ' https://twitter.com/trackwithease?lang=en', 'angellist_url': ' https://angel.co/company/ease', 'crunchbase_url': ' https://www.crunchbase.com/organization/ease-central', 'linkedin_url': ' https://www.linkedin.com/company/trackwithease', 'facebook_url': ' https://www.facebook.com/trackwitheaseinc/about/'}	{'paperwork': 0, 'fundraising': 0, 'estate': 1, 'media': 0, 'consulting': 0, 'learning': 0, 'intelligence': 0, 'patent': 0, 'software': 0, 'budgeting': 0, 'analytics': 3, 'security': 1, 'blockchain': 0, 'litigation': 0, 'information': 1, 'trusts': 0, 'negotiation': 0, 'marketplace': 0, 'contracts': 1, 'insurance': 0, 'collaboration': 0, 'freelance': 0, 'enforcement': 0, 'education': 0, 'financials': 0, 'e-signature': 3}
Unbundled Attorney	{'main_url': ' https://www.unbundledattorney.com/', 'twitter_url': ' https://twitter.com/unbundledatty?lang=en', 'angellist_url': ' https://angel.co/company/court-buddy', 'crunchbase_url': ' https://www.unbundledattorney.com/about', 'linkedin_url': ' https://www.linkedin.com/company/unbundled-attorney', 'facebook_url': ' https://www.facebook.com/UnbundledAttorney/'}	{'paperwork': 0, 'fundraising': 0, 'estate': 1, 'media': 0, 'consulting': 0, 'learning': 0, 'intelligence': 0, 'patent': 0, 'software': 0, 'budgeting': 0, 'analytics': 0, 'security': 0, 'blockchain': 0, 'litigation': 0, 'information': 0, 'trusts': 0, 'negotiation': 0, 'marketplace': 0, 'contracts': 0, 'insurance': 0, 'collaboration': 0, 'freelance': 0, 'enforcement': 0, 'education': 0, 'financials': 0, 'e-signature': 0}
UpTime Legal Systems	{'main_url': ' https://www.uptimelegal.com/', 'twitter_url': ' https://twitter.com/uptimesystems?lang=en', 'angellist_url': ' https://www.uptimelegal.com/', 'crunchbase_url': ' https://www.crunchbase.com/organization/uptime-systems', 'linkedin_url': ' https://www.linkedin.com/company/uptime-systems', 'facebook_url': ' https://www.facebook.com/uptimenyc/'}	{'paperwork': 0, 'fundraising': 0, 'estate': 0, 'media': 13, 'consulting': 0, 'learning': 0, 'intelligence': 0, 'patent': 0, 'software': 0, 'budgeting': 0, 'analytics': 1, 'security': 0, 'blockchain': 0, 'litigation': 0, 'information': 1, 'trusts': 0, 'negotiation': 0, 'marketplace': 0, 'contracts': 0, 'insurance': 0, 'collaboration': 0, 'freelance': 0, 'enforcement': 0, 'education': 0, 'financials': 0, 'e-signature': 0}
vrsus	{'main_url': ' https://www.crunchbase.com/organization/vrsus', 'twitter_url': ' https://twitter.com/vsrsus?lang=en', 'angellist_url': ' https://angel.co/company/vrsus', 'crunchbase_url': ' https://www.crunchbase.com/organization/vrsus', 'linkedin_url': ' https://gh.linkedin.com/company/case-pacer', 'facebook_url': ' https://www.facebook.com/vrsus576/'}	403
vtestify	{'main_url': ' https://www.vtestify.com/', 'twitter_url': ' https://twitter.com/vTestifyUS?ref_src=twsrc%5Egoogle%7Ctwcamp%5Eserp%7Ctwgr%5Eauthor', 'angellist_url': ' http://qfl.ggjtl.xyz/', 'crunchbase_url': ' https://www.crunchbase.com/organization/vtestify', 'linkedin_url': ' https://www.linkedin.com/company/vtestify', 'facebook_url': ' https://www.facebook.com/vTestify'}	{'paperwork': 0, 'fundraising': 0, 'estate': 0, 'media': 4, 'consulting': 0, 'learning': 0, 'intelligence': 0, 'patent': 0, 'software': 0, 'budgeting': 0, 'analytics': 1, 'security': 1, 'blockchain': 0, 'litigation': 0, 'information': 1, 'trusts': 0, 'negotiation': 0, 'marketplace': 0, 'contracts': 0, 'insurance': 0, 'collaboration': 0, 'freelance': 0, 'enforcement': 0, 'education': 0, 'financials': 0, 'e-signature': 0}
Wizdocs	{'main_url': ' http://www.wizdocs.com/', 'twitter_url': ' https://twitter.com/wizdocs?lang=en', 'angellist_url': ' https://angel.co/', 'crunchbase_url': ' https://www.crunchbase.com/organization/wizdocs', 'linkedin_url': ' https://www.linkedin.com/in/ben-longoria-1981726', 'facebook_url': ' https://www.facebook.com/public/Wizdocs-From-Lightflake'}	{'paperwork': 0, 'fundraising': 0, 'estate': 0, 'media': 3, 'consulting': 0, 'learning': 0, 'intelligence': 0, 'patent': 0, 'software': 0, 'budgeting': 0, 'analytics': 3, 'security': 0, 'blockchain': 0, 'litigation': 0, 'information': 2, 'trusts': 0, 'negotiation': 0, 'marketplace': 0, 'contracts': 0, 'insurance': 0, 'collaboration': 0, 'freelance': 0, 'enforcement': 0, 'education': 0, 'financials': 0, 'e-signature': 0}
Wordrake	{'main_url': ' https://www.wordrake.com/', 'twitter_url': ' https://twitter.com/WordRake?ref_src=twsrc%5Egoogle%7Ctwcamp%5Eserp%7Ctwgr%5Eauthor', 'angellist_url': ' https://www.lawsitesblog.com/2016/04/towards-accurate-listing-legal-tech-startups.html', 'crunchbase_url': ' https://www.crunchbase.com/organization/wordrake', 'linkedin_url': ' https://www.linkedin.com/company/wordrake', 'facebook_url': ' https://www.facebook.com/WordRake'}	{'paperwork': 0, 'fundraising': 0, 'estate': 0, 'media': 2, 'consulting': 0, 'learning': 0, 'intelligence': 0, 'patent': 0, 'software': 2, 'budgeting': 0, 'analytics': 1, 'security': 0, 'blockchain': 0, 'litigation': 0, 'information': 0, 'trusts': 0, 'negotiation': 0, 'marketplace': 0, 'contracts': 0, 'insurance': 0, 'collaboration': 0, 'freelance': 0, 'enforcement': 0, 'education': 0, 'financials': 0, 'e-signature': 0}
YoCierge	{'main_url': ' https://yocierge.com/', 'twitter_url': ' https://twitter.com/yocierge?lang=en', 'angellist_url': '0', 'crunchbase_url': ' https://yocierge.com/filevine_integration/', 'linkedin_url': ' https://www.linkedin.com/company/yocierge', 'facebook_url': ' https://www.facebook.com/pages/YoCierge/421348491540884'}	{'paperwork': 0, 'fundraising': 0, 'estate': 0, 'media': 2, 'consulting': 2, 'learning': 0, 'intelligence': 0, 'patent': 0, 'software': 2, 'budgeting': 0, 'analytics': 0, 'security': 2, 'blockchain': 0, 'litigation': 0, 'information': 2, 'trusts': 0, 'negotiation': 0, 'marketplace': 0, 'contracts': 0, 'insurance': 2, 'collaboration': 0, 'freelance': 0, 'enforcement': 0, 'education': 0, 'financials': 0, 'e-signature': 0}
ZokuVault	{'main_url': ' https://www.attorneyatwork.com/all-things-must-pass-zokuvault-keeps-it-organized/', 'twitter_url': ' https://twitter.com/joshleavitt7/status/885168857547132928', 'angellist_url': ' https://angel.co/company/zoku-technologies/jobs', 'crunchbase_url': ' http://www.kouponlab.com/fundthrough-coupons/', 'linkedin_url': ' https://www.linkedin.com/pulse/all-things-must-pass-zokuvault-keeps-organized-jared-correia', 'facebook_url': ' https://en-gb.facebook.com/zokuvault/'}	406
