AgileLaw, angellist_url
Align Matters, angellist_url
Ategra Computer Technology, angellist_url
AttorneyFee, date, category, audience, model, angellist_url
Audvi, angellist_url
Avvo, date, category, audience, model, angellist_url
BackStartup, date, category, audience, model, angellist_url
Bitproof, angellist_url
Blue J Legal, date, category, audience, model, angellist_url
Bluetree Legal Connect, date, category, audience, model, angellist_url
Briefed, angellist_url
BriefMine, date, category, audience, model, angellist_url
Brightleaf, date, category, audience, model, angellist_url
Caldeco, angellist_url
CapMail, date, category, audience, model, angellist_url
Captain Contrat, date, category, audience, model, angellist_url
Business Integrity, date, category, audience, model, angellist_url
Caseflow, date, category, audience, model, angellist_url, date, category, audience, model, angellist_url
CaseHub, date, category, audience, model, angellist_url
CaseRails, date, category, audience, model, angellist_url
Casetext, date, category, audience, model, angellist_url
CellBreaker, date, category, audience, model, angellist_url
Chapter 11 Dockets, date, category, audience, model, angellist_url
Checkr, date, category, audience, model, angellist_url
ClauseMatch, angellist_url
ClearContract, angellist_url
CliXLEX, angellist_url
Congo, angellist_url
Cited, date, category, audience, model, angellist_url
ClearView Social, date, category, audience, model, angellist_url
Contract Cloud, angellist_url
Cooley, angellist_url
coparently, angellist_url
Justia, date, category, audience, model, angellist_url
Corporate + Startup Law, date, category, audience, model, angellist_url
CosmoLex, angellist_url
CourtReader, date, category, audience, model, angellist_url
CourtSide EDX, date, category, audience, model, angellist_url
Credit Swarm, angellist_url
Crowdfunding Compliance Center, date, category, audience, model, angellist_url
DATY, angellist_url
Dent, angellist_url, angellist_url
GhostPractice, angellist_url
Counterfeit.Technology, angellist_url
Crypho, angellist_url
Instadocket, angellist_url
LegalRisk.io, angellist_url
Derecho24, angellist_url
DISCO, date, category, audience, model, angellist_url
DivorceMate Software, angellist_url
DocketHero, angellist_url
DocNav, angellist_url
DraftLaw, date, category, audience, model, angellist_url
DroidLaw, angellist_url
E-Nact, angellist_url
EasyDataMaps, angellist_url
EasyIntake, angellist_url
EasyLaw.in, angellist_url
EasyNDA, angellist_url
eBrevia, angellist_url
eQuibbly, angellist_url
experdocs, angellist_url
EzVsa, angellist_url
Firmzen, angellist_url
FiscalNote, angellist_url
Foundee, angellist_url
FreelanceLaw, angellist_url
FindMySong, angellist_url
GPSOX, angellist_url
Gracular, angellist_url
HaystackHQ, angellist_url
Hoip, angellist_url
HotDocs, angellist_url
iNation, angellist_url
JusticeBid, angellist_url
InCloudCounsel, angellist_url
Inkdit, angellist_url
Inolyst, angellist_url
Intelligize, angellist_url
IP Shark, angellist_url
ipnexus, angellist_url
Ipselex, angellist_url
Law Mixer, angellist_url
Horizon, angellist_url, angellist_url, angellist_url, angellist_url
ipInstruments, angellist_url
Juridicus, angellist_url
Kinso, angellist_url
Kira, angellist_url
Korbitec, angellist_url, angellist_url
Last5, angellist_url
Laterally, angellist_url
Lar21, angellist_url
LegalClick, angellist_url
LegalYou, date, category, audience, model, angellist_url
Lawcus, angellist_url
LawDeeDa, angellist_url
LAWfone on Demand, angellist_url
Lawful.ly, date, category, audience, model, angellist_url
Lawger, date, category, audience, model, angellist_url
LawGives, date, category, audience, model, angellist_url
LawMeets, angellist_url
LawTake, angellist_url
LawTrades, date, category, audience, model, angellist_url
LawVisors, date, category, audience, model, angellist_url
LawyerFair, angellist_url
Lawyerfy, angellist_url
LawZam, date, category, audience, model, angellist_url
Legal Chrome, angellist_url
Legal Flow, angellist_url
Legal Hero, angellist_url
Legal Line, angellist_url
Lawditor.com, angellist_url
Legal Simplicity, angellist_url
LegalCafe, angellist_url
LegalCrunch, angellist_url
Legalshine, angellist_url
Legalswipe, date, category, audience, model, angellist_url
Legify, angellist_url
Lex Machina, date, category, audience, model, angellist_url
Lexdir, date, category, audience, model, angellist_url
Lexiqual, date, category, audience, model, angellist_url
Lexoo, date, category, audience, model, angellist_url
ModusP, date, category, audience, model, angellist_url
Mootus, date, category, audience, model, angellist_url
LexSpring, angellist_url
Lexvisors, date, category, audience, model, angellist_url
Linte, date, category, audience, model, angellist_url
Litigator Technology, date, category, audience, model, angellist_url
LegalTrek, date, category, audience, model, angellist_url
Logikcull, date, category, audience, model, angellist_url
LucanDOCS, date, category, audience, model, angellist_url
Lucolo, date, category, audience, model, angellist_url
Lynx Workflow, date, category, audience, model, angellist_url
Manzama, date, category, audience, model, angellist_url
Lexicata, date, category, audience, model, angellist_url
MapYourProperty, date, category, audience, model, angellist_url
Mark43, angellist_url
matterBase, date, category, audience, model, angellist_url
MBLOK, date, category, audience, model, angellist_url
MiAbogado, date, category, audience, model, angellist_url
Mimecast, angellist_url
MisAbogados.com, angellist_url
MyCase, date, category, audience, model, angellist_url
MyCourthouse, date, category, audience, model, angellist_url
MyLawBid, date, category, audience, model, angellist_url
myRight, date, category, audience, model, angellist_url
Nventi, angellist_url
Office Network Online, angellist_url
PayMyTrustee, angellist_url
RecordLogix, angellist_url
Ratchet Technology, angellist_url
Quicklegal, angellist_url
phraseup*, angellist_url
NetLex, angellist_url
Planned Departure, angellist_url
Plum Law Jobs, angellist_url
Pramata, angellist_url
PUSHTOSTART, angellist_url
PactSafe, angellist_url
Ontario Small Claims Wizard, angellist_url
Quolaw, angellist_url
RainmakerVT, date, category, audience, model, angellist_url
RealPractice, angellist_url
Reorg Research, angellist_url
Restructuring Concepts, angellist_url
PitchCast, angellist_url
Rnovo, angellist_url
RSVP Law, angellist_url
Shoobx, date, category, audience, model, angellist_url
Sky Analytics, date, category, audience, model, angellist_url
Smokeball, date, category, audience, model, angellist_url
Snapterms, date, category, audience, model, angellist_url
Stampery, angellist_url
Sanza, angellist_url, angellist_url
Rghtly, date, category, audience, model, angellist_url
Shortsaleopedia, angellist_url
StartDireito, date, category, audience, model, angellist_url
RightsFlow, angellist_url
Structured Market, angellist_url
SubroFlash, angellist_url
Suralink, angellist_url
Swiftcourt, angellist_url
Startup Documents, angellist_url
Swarm, angellist_url, angellist_url, angellist_url, angellist_url
Virtual Law Direct, date, category, audience, model, angellist_url
"Tunnel X, everything
Heureka, angellist_url
ZipCourt, date, category, audience, model, angellist_url
Access Family Law, angellist_url
Block Notary, angellist_url
Excellara, angellist_url
Gadfly Legal Technologies, date, category, audience, model, angellist_url
Willow, angellist_url, angellist_url, angellist_url, angellist_url, angellist_url, angellist_url, angellist_url, angellist_url, angellist_url, angellist_url
Custom Counsel, angellist_url
TeamPatent, date, category, audience, model, angellist_url
Resume Launchpad, angellist_url
Alt Legal, angellist_url
Bestlaw, date, category, audience, model, angellist_url
Habeas Corp., angellist_url
Loudr, angellist_url
CarBack, date, category, audience, model, angellist_url
Fair and Square, date, category, audience, model, angellist_url
Free Law Project, date, category, audience, model, angellist_url
CaseFleet, date, category, audience, model, angellist_url
CaseGlide, date, category, audience, model, angellist_url
Lawbrery, angellist_url
ChartaCourse, angellist_url
PSS Systems, angellist_url
Zegal, date, category, audience, model, angellist_url
CitizenshipWorks, date, category, audience, model, angellist_url
ClaimCast, angellist_url
ClearstoneIP, date, category, audience, model, angellist_url
Clocktimizer, date, category, audience, model, angellist_url
Digital Currency Council, angellist_url
Etherparty, angellist_url
Pactanda, date, category, audience, model, angellist_url
CrowdDefend, angellist_url
CrowdJustice, date, category, audience, model, angellist_url
Cryptonomica, angellist_url
CuroLegal, date, category, audience, model, angellist_url
DivorceSecure, angellist_url
Docasaurus, angellist_url
DocEx Legal, angellist_url
Esquify, angellist_url
Get Legal Counsel, date, category, audience, model, angellist_url
Gust, angellist_url, angellist_url
Infinote, angellist_url
jEugene, date, category, audience, model, angellist_url
Killer Kontracts, date, category, audience, model, angellist_url
Hotshot, date, category, audience, model, angellist_url, date, category, audience, model, angellist_url
Ironclad, angellist_url
Law on the Web, date, category, audience, model, angellist_url
Law Ruler, date, category, audience, model, angellist_url
Access Solicitor, date, category, audience, model, angellist_url
LawGeex, angellist_url
LawGo, angellist_url
LawStudio, date, category, audience, model, angellist_url
LawToons, date, category, audience, model, angellist_url
Lawurli, date, category, audience, model, angellist_url
Lawyered, date, category, audience, model, angellist_url
Legal Equalizer, date, category, audience, model, angellist_url
Legal Linkup, date, category, audience, model, angellist_url
Legal Talk Network, date, category, audience, model, angellist_url
Legal.io, date, category, audience, model, angellist_url
Legitimo, date, category, audience, model, angellist_url
Lexbe, angellist_url
LexBlog, angellist_url
yurJURY, angellist_url
RAVN Systems, angellist_url
Local Lawyer, date, category, audience, model, angellist_url
SeRiouS, angellist_url
Legal Space, date, category, audience, model, angellist_url
Concord, angellist_url, angellist_url, angellist_url, angellist_url, angellist_url
LegalServer, date, category, audience, model, angellist_url
Should I Sign, date, category, audience, model, angellist_url
NuLawLab, date, category, audience, model, angellist_url
BookLawyer, date, category, audience, model, angellist_url
Kira Systems, angellist_url
BidSettle, date, category, audience, model, angellist_url
NextGen Reporting, date, category, audience, model, angellist_url
Legal Robot, date, category, audience, model, angellist_url
MyCourtCase, date, category, audience, model, angellist_url
Estate Guru, angellist_url
Civil Soot, date, category, audience, model, angellist_url
Foundation Software Group, date, category, audience, model, angellist_url
Obolus, angellist_url
DirectLaw, date, category, audience, model, angellist_url
Judgment Pay, angellist_url
Beamium, date, category, audience, model, angellist_url
Avostart.fr, date, category, audience, model, angellist_url
Greenhouse, angellist_url, angellist_url
Innography, angellist_url
MyOnlineCA, date, category, audience, model, angellist_url
Visafolder, angellist_url
Midatadin, date, category, audience, model, angellist_url
EXOCHAIN, date, category, audience, model, angellist_url
Notificami, date, category, audience, model, angellist_url
Lexcarts, date, category, audience, model, angellist_url
Legal Miner, date, category, audience, model, angellist_url
Functional Imperative, angellist_url
Docket Alarm, date, category, audience, model, angellist_url
ClientSide, date, category, audience, model, angellist_url
Witnex, date, category, audience, model, angellist_url
LawSpot, date, category, audience, model, angellist_url
DocuSign, angellist_url
Code for America, date, category, audience, model, angellist_url
iubenda, audience, model, angellist_url
LexisNexis, angellist_url
Effacts, angellist_url
Stanford Securities Litigation Analytics, angellist_url
CommonAccord, angellist_url
Obvious, angellist_url, angellist_url
legalstart.fr, date, category, audience, model, angellist_url
DocAssemble, angellist_url
Elementary IP, angellist_url
Legaler, angellist_url
LawMoose, date, category, audience, model, angellist_url
Ross, angellist_url, angellist_url
SmartContract, angellist_url
Google Patents, date, category, audience, model, angellist_url
Seal Software, angellist_url
Everlaw, date, category, audience, model, angellist_url
Lex Quantus Analytics, date, category, audience, model, angellist_url
PacerPro, date, category, audience, model, angellist_url
Deftr, date, category, audience, model, angellist_url
Everchron, angellist_url
Nyaaya, date, category, audience, model, angellist_url
DoNotPay, date, category, audience, model, angellist_url
Traklight, date, category, audience, model, angellist_url
Coherent Knowledge, angellist_url
Paper Software, date, category, audience, model, angellist_url
Starting Legal, date, category, audience, model, angellist_url
Asia Law Network, date, category, audience, model, angellist_url
Riverview Law, date, category, audience, model, angellist_url
Neota Logic, date, category, audience, model, angellist_url
GoldFynch, date, category, audience, model, angellist_url
Allegory Law, date, category, audience, model, angellist_url
Doxbi, date, category, audience, model, angellist_url
FAQ Recht, date, category, audience, model, angellist_url
MyMotionCalendar, date, category, audience, model, angellist_url
Vijilent, date, category, audience, model, angellist_url
Vigilant, date, category, audience, model, angellist_url, date, category, audience, model, angellist_url, date, category, audience, model, angellist_url
Doxly, date, category, audience, model, angellist_url
HourVoice, angellist_url
NORMDECS, date, category, audience, model, angellist_url
Legal IT Group, date, category, audience, model, angellist_url
Conflicteam, date, category, audience, model, angellist_url
Airport Lawyer, date, category, audience, model, angellist_url
CASEpeer, date, category, audience, model, angellist_url
SimpleCitizen, angellist_url
i-Wisdom Business Partners, date, category, audience, model, angellist_url
Intraspexion Inc., angellist_url
Lawyaw, angellist_url
Microsystems, angellist_url
Legal Insights, angellist_url
CounselHQ, angellist_url
Dalton One Legal Technologies, date, category, audience, model, angellist_url
LegalOptics, date, category, audience, model, angellist_url
Specifio, date, category, audience, model, angellist_url
Lawsnote, date, category, audience, model, angellist_url
Catalyst Repository Systems, date, category, audience, model, angellist_url
Fastcase, date, category, audience, model, angellist_url
JustLegal, date, category, audience, model, angellist_url
Codify Legal Publishing, date, category, audience, model, angellist_url
Casetab, date, category, audience, model, angellist_url
eDCaseMAN, date, category, audience, model, angellist_url
Law Data Science, date, category, audience, model, angellist_url
Priori Legal, date, category, audience, model, angellist_url
Courting The Law, audience, model, angellist_url
Mohtasib, date, category, audience, model, angellist_url
Dataprise, angellist_url, angellist_url
MediaRebel, date, category, audience, model, angellist_url
Esqalate, date, category, audience, model, angellist_url
Apperio, angellist_url
Paladin, audience, model, audience, model
Independent Strategies Digital, date, category, audience, model, angellist_url
Tali, audience, model, angellist_url, audience, model, angellist_url
Information Navigators, audience, model, angellist_url
easyQuorum, date, category, audience, model, angellist_url
Justiça Simples, audience, model, angellist_url
Founded, audience, model, audience, model
DPOrganizer, audience, model
Ogayar Co., audience, model, angellist_url
INIRES, audience, model, angellist_url
LawPath, audience, model, angellist_url
ObjectiveManager, date, category, audience, model, angellist_url
CiteRight, audience, model
Case.one, audience, model, angellist_url
FreeWill, date, category, audience, model, angellist_url, date, category, audience, model, angellist_url
CoralDocs, audience, model, angellist_url
LegalVision, audience, model, angellist_url
FoxNot, date, category, audience, model, angellist_url
Casepoint, audience, model, angellist_url
Legalosity, audience, model, angellist_url
Cognate, audience, model, angellist_url
SirionLabs, audience, model, angellist_url
Run the Call, audience, model
DrugPatentWatch, date, category, audience, model, angellist_url
Zola Suite, date, category, audience, model, angellist_url
Accord Project, date, category, audience, model, angellist_url
AdaptiBar, angellist_url
Advobot, date, category, audience, model, angellist_url
Advokatami.bg, date, category, audience, model, angellist_url
Zero, angellist_url, angellist_url, angellist_url, angellist_url, angellist_url, angellist_url, angellist_url, angellist_url
Zariya, date, category, audience, model, angellist_url
Agreemint, date, category, audience, model, angellist_url
Wizdocs, date, category, audience, model, angellist_url
WhichDraft, date, category, audience, model, angellist_url
VoiLaw, date, category, audience, model, angellist_url
VisionClerk, date, category, audience, model, angellist_url
Virtual Legal, date, category, audience, model, angellist_url
Alster Legal, angellist_url
AOLaw Africa, date, category, audience, model, angellist_url
Appunte, date, category, audience, model, angellist_url
Aquis Search, date, category, audience, model, angellist_url
VerdictAdvantage, date, category, audience, model, angellist_url
Get20, angellist_url
Vector Legal Method, date, category, audience, model, angellist_url
Vakilsearch, date, category, audience, model, angellist_url
Assently, date, category, audience, model, angellist_url
Unified Patents, date, category, audience, model, angellist_url
Uabide, date, category, audience, model, angellist_url
AtlaSense, date, category, audience, model, angellist_url
Taxbender, date, category, audience, model, angellist_url
Trustatom, date, category, audience, model, angellist_url
Atticus Now, date, category, audience, model, angellist_url
Aurum Software, date, category, audience, model, angellist_url
Tracument, date, category, audience, model, angellist_url
ThreadKM, date, category, audience, model, angellist_url
Bakerfield Group, date, category, audience, model, angellist_url
Automio, angellist_url
Tort IQ, date, category, audience, model, angellist_url
Top Class Actions, date, category, audience, model, angellist_url
Toonari, date, category, audience, model, angellist_url
TIOEX, date, category, audience, model, angellist_url
Basement Crowd, date, category, audience, model, angellist_url
Teen Legal Helpline, date, category, audience, model, angellist_url
BernieSez, date, category, audience, model, angellist_url
Bernstein, angellist_url
TechGC, date, category, audience, model, angellist_url
BestQuire, date, category, audience, model, angellist_url
Bill4Time, angellist_url
Bright Advise, date, category, audience, model, angellist_url
Discovia, angellist_url
Quegal.com, angellist_url
Otonomos, angellist_url
Lexstart, date, category, audience, model, angellist_url
Modus, angellist_url, angellist_url, angellist_url, angellist_url, angellist_url, angellist_url
EDT, audience, model, angellist_url, audience, model, angellist_url
Nalytics, audience, model, angellist_url
eSign Genie, angellist_url
Statera, angellist_url, angellist_url
Contraktor, angellist_url
Berkeley Bridge, audience, model, angellist_url
Klarity, audience, model, angellist_url, audience, model, angellist_url
Mattereum, audience, model, angellist_url
Rosenblum Law Firm, date, category, audience, model, angellist_url
Claim Flights, angellist_url
JustVice, date, category, audience, model, angellist_url
PocketLawyer, angellist_url
ExtendLaw, date, category, audience, model, angellist_url
ProJuris, date, category, audience, model, angellist_url
LegalSpell, date, category, audience, model, angellist_url
Integra, angellist_url, angellist_url
Legal Labs, date, category, audience, model, angellist_url
Xakia Technologies, date, category, audience, model, angellist_url
Lawcadia, date, category, audience, model, angellist_url
Legodesk, date, category, audience, model, angellist_url
Lawmatters, date, category, audience, model, angellist_url
Lexyom, date, category, audience, model, angellist_url
Agence Juridique, date, category, audience, model, angellist_url
PolicyStore, angellist_url
eEvidence, date, category, audience, model, angellist_url
MyLawNow, date, category, audience, model, angellist_url
LawyerQuote, date, category, audience, model, angellist_url
LawAdvisor, date, category, audience, model, angellist_url
Qualia, date, category, audience, model, angellist_url, date, category, audience, model, angellist_url, date, category, audience, model, angellist_url
Dacreed, date, category, audience, model, angellist_url
SmartUp, angellist_url, angellist_url, angellist_url
Atticus, angellist_url, angellist_url
CaseMetrix, date, category, audience, model, angellist_url
Patdek Software, date, category, audience, model, angellist_url
Notarize, date, category, audience, model, angellist_url
Mplace, date, category, audience, model, angellist_url
Ligo, date, category, audience, model, angellist_url
Lawyer Exchange, date, category, audience, model, angellist_url
ONE400, audience, model
Trial Boom, date, category, audience, model, angellist_url
LegalSeba, date, category, audience, model, angellist_url
Legal Creatives, date, category, audience, model, angellist_url
LAWLIFT, date, category, audience, model, angellist_url
LawIQ, date, category, audience, model, angellist_url
LeasePilot, date, category, audience, model, angellist_url
StartupFactCheck, date, category, audience, model, angellist_url
OpenLaw, date, category, audience, model, angellist_url
LeBonBail, date, category, audience, model, angellist_url
Crowdjury, date, category, audience, model, angellist_url
Case Status, date, category, audience, model, angellist_url
Quarule, date, category, audience, model, angellist_url
LinkSquares, date, category, audience, model, angellist_url
Litify, date, category, audience, model, angellist_url
Reduse, date, category, audience, model, angellist_url
TIQ, angellist_url
Courtsdesk, date, category, audience, model, angellist_url
Courtroom5, date, category, audience, model, angellist_url
DOCUFIEL, date, category, audience, model, angellist_url
Legal Innovation Paris, date, category, audience, model, angellist_url
IP Metro, date, category, audience, model, angellist_url
MyAdvo, date, category, audience, model, angellist_url
SpotDraft, date, category, audience, model, angellist_url
MikeLegal, date, category, audience, model, angellist_url
RovBOT, date, category, audience, model, angellist_url
Someturva, date, category, audience, model, angellist_url
GSTStreet, date, category, audience, model, angellist_url
Of Counsel Group, date, category, audience, model, angellist_url
MoveDocs, date, category, audience, model, angellist_url
Cognitiv+, date, category, audience, model, angellist_url
Percipient, date, category, audience, model, angellist_url, date, category, audience, model, angellist_url
Milyli, date, category, audience, model, angellist_url
LawGro, angellist_url
Lawcunae Infomation Solutions, date, category, audience, model, angellist_url
Resis, date, category, audience, model, angellist_url
LegalQ, date, category, audience, model, angellist_url
Expertily, date, category, audience, model, angellist_url
MainLaws, date, category, audience, model, angellist_url
Zfusion Tech, date, category, audience, model, angellist_url
QDiscovery, date, category, audience, model, angellist_url
CourtQuant, audience, model
eMinutes, date, category, audience, model, angellist_url
Droits Quotidiens, audience, model, angellist_url
High Performance Counsel, angellist_url
Neksus Technologies, date, category, audience, model, angellist_url
LawPanel, angellist_url
Priory Solutions, angellist_url
Linkilaw, angellist_url
ClicknClear, angellist_url
Juris, date, category, audience, model, angellist_url, date, category, audience, model, angellist_url
Litimetrics, date, category, audience, model, angellist_url
Shop Immigration, date, category, audience, model, angellist_url
Lawgood, date, category, audience, model, angellist_url
Origin Systems, audience, model, angellist_url
Wonder.Legal, audience, model, angellist_url
Armlaw, date, category, audience, model, angellist_url
EffortlessLegal LLC, audience, model, angellist_url
Smarter Drafter, date, category, audience, model, angellist_url
Online Solution Attorney, audience, model, angellist_url
SimplyAgree, date, category, audience, model, angellist_url
EDZ Systems, audience, model, angellist_url
SYNTAQ, date, category, audience, model, angellist_url
Indexa, date, category, audience, model, angellist_url
HighQ, audience, model, angellist_url
Signatu, audience, model, angellist_url
Justika, date, category, audience, model, angellist_url
Lexplosion Solutions, date, category, audience, model, angellist_url
Contractbook, date, category, audience, model, angellist_url
Clerical, audience, model, angellist_url
Jarvis Legal, date, category, audience, model, angellist_url
TrialLine, date, category, audience, model, angellist_url
Lucius Report, date, category, audience, model, angellist_url
teachoo, audience, model
Aqnel, date, category, audience, model, angellist_url
Beacon Direct Cremation, audience, model, angellist_url
Legal Advice Middle East, audience, model, angellist_url
RGC Manager GmbH & Co. KG, date, category, audience, model, angellist_url
Kodex Bilisim, audience, model, angellist_url
NuLaw, date, category, audience, model, angellist_url
SkyRefund, audience, model, angellist_url
Eigen Technologies, audience, model
Smith.ai, date, category, audience, model, angellist_url
Pravoved.ru, date, category, audience, model, angellist_url
OSOME, audience, model
LawCloud, date, category, audience, model, angellist_url
Onit, angellist_url
Josef, date, category, audience, model, angellist_url
MYFLYRIGHT, date, category, audience, model, angellist_url
Reasoning Technology, date, category, audience, model, angellist_url
Syntexys, date, category, audience, model, angellist_url
DIGURA, date, category, audience, model, angellist_url
E-Startup India, date, category, audience, model, angellist_url
Hotspot Law, date, category, audience, model, angellist_url
Steinfeld Legal, date, category, audience, model, angellist_url
DealMaker, date, category, audience, model, angellist_url
JUDY, audience, model, angellist_url
Emérita Legal, audience, model, angellist_url
Trustbot Software Inc., date, category, audience, model, angellist_url
FirstBase, audience, model
Tabled, audience, model
Les Tricolores, angellist_url
LexpertEase, audience, model
Jus Mundi, date, category, audience, model, angellist_url
Knovos, date, category, audience, model, angellist_url
Afriwise, audience, model, angellist_url
Ringtail, audience, model, angellist_url
Lawyer Marketing Company, audience, model, angellist_url
Dragonfly Digital Marketing, audience, model, angellist_url
Wowbix Digital Marketing, audience, model, angellist_url
Legatics, audience, model
LEAP Legal Software, audience, model, angellist_url
SpeechWrite Digital, audience, model, angellist_url
Donna, audience, model, audience, model
Experts.com, audience, model, angellist_url
RMP Jewellers Pvt Ltd, audience, model, angellist_url
Quesmi, date, category, audience, model, angellist_url
7 Seas Solutions, audience, model, angellist_url
DueCourse, audience, model, audience, model
Vable, audience, model, angellist_url
rfrnz, date, category, audience, model, angellist_url
Certifix Live Scan, audience, model, angellist_url
Synch, audience, model, angellist_url, audience, model, angellist_url
Protosys, audience, model, angellist_url
DealRoom, audience, model
Demander Justice, audience, model, angellist_url
KISSPatent, audience, model
Arkon Web Solutions, audience, model, angellist_url
LegalWiz.in, date, category, audience, model, angellist_url
Ravel Technologies, angellist_url
Sleek, audience, model, audience, model, audience, model, audience, model
BlackBoiler, audience, model, angellist_url
Checkbox, date, category, audience, model, angellist_url
LegalHero, date, category, audience, model, angellist_url
Bestpractix, date, category, audience, model, angellist_url
Seraphin.legal, audience, model, angellist_url
Prospero, angellist_url, angellist_url
TermScout, date, category, audience, model, angellist_url
Tusk, date, category, audience, model, angellist_url, date, category, audience, model, angellist_url
Click Attorney, audience, model
IntelliCRM, audience, model, angellist_url
Define, audience, model, angellist_url
ClaimMyFlights, audience, model, angellist_url
eConciliador, date, category, audience, model, angellist_url
Bodhala, date, category, audience, model, angellist_url
UpCounsel, date, category, audience, model, angellist_url
LegalZoom, date, category, audience, model, angellist_url
OneDome, date, category, audience, model, angellist_url
Mighty, date, category, audience, model, angellist_url, date, category, audience, model, angellist_url
Ascent, date, category, audience, model, angellist_url, date, category, audience, model, angellist_url, date, category, audience, model, angellist_url, date, category, audience, model, angellist_url
BRYTER, date, category, audience, model, angellist_url
XCLAIM, date, category, audience, model, angellist_url
Legalpad, date, category, audience, model, angellist_url
Plunes, date, category, audience, model, angellist_url
Legalist, date, category, audience, model, angellist_url, date, category, audience, model, angellist_url
Docket, date, category, audience, model, angellist_url, date, category, audience, model, angellist_url, date, category, audience, model, angellist_url
Leverton, date, category, audience, model, angellist_url
Usercentrics, date, category, audience, model, angellist_url
Cortical.io, date, category, audience, model, angellist_url
Brightflag, date, category, audience, model, angellist_url
Doctrine, date, category, audience, model, angellist_url
LegalMation, date, category, audience, model, angellist_url
Wundertax, date, category, audience, model, angellist_url
Smart Protection, date, category, audience, model, angellist_url
Workshare, date, category, audience, model, angellist_url
Trellis Research, date, category, audience, model, angellist_url
The Link App, date, category, audience, model, angellist_url
Privacy Tools, date, category, audience, model, angellist_url
Sigalei, date, category, audience, model, angellist_url
LitiGate, date, category, audience, model, angellist_url
Vauban, date, category, audience, model, angellist_url, date, category, audience, model, angellist_url
Clara, date, category, audience, model, angellist_url
Validated ID, date, category, audience, model, angellist_url
Parley Pro, date, category, audience, model, angellist_url
LegitQuest, date, category, audience, model, angellist_url
Legalkart, date, category, audience, model, angellist_url
Reynen Court, date, category, audience, model, angellist_url
Libryo, date, category, audience, model, angellist_url
LawVu, date, category, audience, model, angellist_url
CloudLex, date, category, audience, model, angellist_url
SINAI, date, category, audience, model, angellist_url
Orbital Witness, date, category, audience, model, angellist_url
Thirdfort, date, category, audience, model, angellist_url
"AppClose, everything
Clairvolex, date, category, audience, model, angellist_url
ClaimKit, date, category, audience, model, angellist_url
CryptoTax, date, category, audience, model, angellist_url
LZVCPA, date, category, audience, model, angellist_url
Qwill, date, category, audience, model, angellist_url
Flightright, date, category, audience, model, angellist_url
Matterhorn, date, category, audience, model, angellist_url, date, category, audience, model, angellist_url
AppearMe, date, category, audience, model, angellist_url
ECFX, date, category, audience, model, angellist_url
Autologyx, date, category, audience, model, angellist_url
reclamador.es, date, category, audience, model, angellist_url
HETIKUS, date, category, audience, model, angellist_url
TrustChain Systems, date, category, audience, model, angellist_url
Resolvvi, date, category, audience, model, angellist_url
Justify, date, category, audience, model, angellist_url
Alexsei, date, category, audience, model, angellist_url
"Turn Technologies, everything
COPYTRACK, date, category, audience, model, angellist_url
helpcheck, date, category, audience, model, angellist_url
Law&Company, date, category, audience, model, angellist_url
Doc2, date, category, audience, model, angellist_url
avvoka, date, category, audience, model, angellist_url
Focus, date, category, audience, model, angellist_url, date, category, audience, model, angellist_url, date, category, audience, model, angellist_url, date, category, audience, model, angellist_url, date, category, audience, model, angellist_url, date, category, audience, model, angellist_url
HighCastle, date, category, audience, model, angellist_url
Recidiviz, date, category, audience, model, angellist_url
TOPCOURT LTS, date, category, audience, model, angellist_url
Ettorney, date, category, audience, model, angellist_url
Matter365, date, category, audience, model, angellist_url
Zeyo, date, category, audience, model, angellist_url
Amulex, date, category, audience, model, angellist_url
MessagePath, date, category, audience, model, angellist_url
Justice.cool, date, category, audience, model, angellist_url
Legal Utopia, date, category, audience, model, angellist_url
IdeaBlock, date, category, audience, model, angellist_url
amicable, date, category, audience, model, angellist_url
Dilecy, date, category, audience, model, angellist_url
"CaseGuide, everything
Hunit, date, category, audience, model, angellist_url
INKINDIALEGAL.com, date, category, audience, model, angellist_url
PatentBot, date, category, audience, model, angellist_url
MUST Platform, date, category, audience, model, angellist_url
MINEKO, date, category, audience, model, angellist_url
Devlos Software, date, category, audience, model, angellist_url
Amiqus Resolution, date, category, audience, model, angellist_url
Elabogado, date, category, audience, model, angellist_url
HUGO.legal, date, category, audience, model, angellist_url
Compensation2Go, date, category, audience, model, angellist_url
Predictice, date, category, audience, model, angellist_url
TranslateFX, date, category, audience, model, angellist_url
Kopjra, date, category, audience, model, angellist_url
CloudLaw, date, category, audience, model, angellist_url
"DataNovo, everything
Deleyes, date, category, audience, model, angellist_url
Kings Court Trust, date, category, audience, model, angellist_url
Knomos Knowledge Management, date, category, audience, model, angellist_url
Dealz.ai, date, category, audience, model, angellist_url
Legal Manager, date, category, audience, model, angellist_url
Just Me Technologies, date, category, audience, model, angellist_url
Advokatguiden.no, date, category, audience, model, angellist_url
Tiqtime, date, category, audience, model, angellist_url
Student Connect, date, category, audience, model, angellist_url
Trustlog, date, category, audience, model, angellist_url
Divorce AI, date, category, audience, model, angellist_url
ECL Direct, date, category, audience, model, angellist_url
Grandeo Labs, date, category, audience, model, angellist_url
EPIQ, date, category, audience, model, angellist_url
The Legal Capsule, date, category, audience, model, angellist_url
Aalbul Ltd, date, category, audience, model, angellist_url
Testamenta, date, category, audience, model, angellist_url
openlaws, date, category, audience, model, angellist_url
Legalfinder.com, date, category, audience, model, angellist_url
JUIT, date, category, audience, model, angellist_url
Assembly Software, date, category, audience, model, angellist_url
myBarrister, date, category, audience, model, angellist_url
Torrent Detective, date, category, audience, model, angellist_url
JustBeagle, date, category, audience, model, angellist_url
CodeLex, date, category, audience, model, angellist_url
Bisnode, date, category, audience, model, angellist_url
Zweispace, date, category, audience, model, angellist_url
DocsCorp, date, category, audience, model, angellist_url
Pibisi, date, category, audience, model, angellist_url
Assistent.by, date, category, audience, model, angellist_url
Lexware, date, category, audience, model, angellist_url
Nuvalaw, date, category, audience, model, angellist_url
Attorneys.org LLC, date, category, audience, model, angellist_url
Expert Institute, date, category, audience, model, angellist_url
Prifina, date, category, audience, model, angellist_url
Legal Logs, date, category, audience, model, angellist_url
passingboxes, date, category, audience, model, angellist_url
Nefelex, date, category, audience, model, angellist_url
Anduin, date, category, audience, model, angellist_url
CloudNine, date, category, audience, model, angellist_url
Walkers, date, category, audience, model, angellist_url, date, category, audience, model, angellist_url
CheKin, date, category, audience, model, angellist_url
Prime Clerk, date, category, audience, model, angellist_url
Hukumonline.com, date, category, audience, model, angellist_url
RightNow, date, category, audience, model, angellist_url
UniCourt, date, category, audience, model, angellist_url
ZENDOC, date, category, audience, model, angellist_url
Pixsy, date, category, audience, model, angellist_url, date, category, audience, model, angellist_url
6clicks, date, category, audience, model, angellist_url
Lexplique, date, category, audience, model, angellist_url
InfoTrack, date, category, audience, model, angellist_url
Lytt, date, category, audience, model, angellist_url, date, category, audience, model, angellist_url
Kurier, date, category, audience, model, angellist_url
SurePoint Technologies, date, category, audience, model, angellist_url
LexCheck, date, category, audience, model, angellist_url
Red Marker - AI powered compliance, date, category, audience, model, angellist_url
Pointer Brand Protection, date, category, audience, model, angellist_url
Upstock, date, category, audience, model, angellist_url
Origin X Capital, date, category, audience, model, angellist_url
One Legal, date, category, audience, model, angellist_url
Vaultedge, date, category, audience, model, angellist_url
LeadsOnline, date, category, audience, model, angellist_url
Congruity360, date, category, audience, model, angellist_url
UFP Fintech, date, category, audience, model, angellist_url
RTIwala, date, category, audience, model, angellist_url
Integra Ledger, date, category, audience, model, angellist_url
Karnov Group, date, category, audience, model, angellist_url
Intelllex, date, category, audience, model, angellist_url
Softplan, date, category, audience, model, angellist_url
Legility, date, category, audience, model, angellist_url
Bella Professional Services, date, category, audience, model, angellist_url
Mind-Alliance Systems, date, category, audience, model, angellist_url
AuraLawgic, date, category, audience, model, angellist_url
CourtListener, date, category, audience, model, angellist_url
Opus 2 International, date, category, audience, model, angellist_url
Merus, date, category, audience, model, angellist_url, date, category, audience, model, angellist_url
Legaltech, date, category, audience, model, angellist_url
Dye & Durham, date, category, audience, model, angellist_url
Lawyer, date, category, audience, model, angellist_url
Widr, date, category, audience, model, angellist_url
AppRocket, date, category, audience, model, angellist_url
Legalku, date, category, audience, model, angellist_url
Divorceify, date, category, audience, model, angellist_url
Livesense, date, category, audience, model, angellist_url
Loom Analytics, date, category, audience, model, angellist_url
LeapXpert Ltd, date, category, audience, model, angellist_url
LAWIO, date, category, audience, model, angellist_url
Surukam, date, category, audience, model, angellist_url
Epoq, date, category, audience, model, angellist_url
Anwalt.de, date, category, audience, model, angellist_url
Marketly, date, category, audience, model, angellist_url
Stenovate, date, category, audience, model, angellist_url
Closing Folders, date, category, audience, model, angellist_url
Codekeeper BV, date, category, audience, model, angellist_url
Sparqa Legal, date, category, audience, model, angellist_url
FIRM24, date, category, audience, model, angellist_url
Bryan Cave Leighton Paisner, date, category, audience, model, angellist_url
Quiktract, date, category, audience, model, angellist_url
CodeREG, date, category, audience, model, angellist_url
Pensieve, date, category, audience, model, angellist_url
LawCoin, date, category, audience, model, angellist_url
ClearWay Law, date, category, audience, model, angellist_url
Legal Nodes, date, category, audience, model, angellist_url
PatentPal, date, category, audience, model, angellist_url
McCarthyFinch, date, category, audience, model, angellist_url
1LAW, date, category, audience, model, angellist_url
Lawtap, date, category, audience, model, angellist_url
BlockAxs GmbH, date, category, audience, model, angellist_url
Lawline.com, date, category, audience, model, angellist_url
GetID, date, category, audience, model, angellist_url
"InFront Compliance, everything
ExpressSteuer, date, category, audience, model, angellist_url
Whooster, date, category, audience, model, angellist_url
peacefully, date, category, audience, model, angellist_url
Summize, date, category, audience, model, angellist_url, date, category, audience, model, angellist_url
CEB, date, category, audience, model, angellist_url
LegalPassage, date, category, audience, model, angellist_url
Legal Automation, date, category, audience, model, angellist_url
Cogneesol Inc., date, category, audience, model, angellist_url
Legal One GmbH, date, category, audience, model, angellist_url
RegHub, date, category, audience, model, angellist_url
Intaker, date, category, audience, model, angellist_url
Check in Scan, date, category, audience, model, angellist_url
Digitory Legal, date, category, audience, model, angellist_url
Balko, date, category, audience, model, angellist_url
Patent Bots, date, category, audience, model, angellist_url
CanadaVisa, date, category, audience, model, angellist_url
LegalDocs, date, category, audience, model, angellist_url
Timeliss, date, category, audience, model, angellist_url
Legex, date, category, audience, model, angellist_url
TIQK, date, category, audience, model, angellist_url
LegalFAB, date, category, audience, model, angellist_url
AiRelo, date, category, audience, model, angellist_url
DADSUN, date, category, audience, model, angellist_url
Fiberhome, date, category, audience, model, angellist_url
Pergamin, date, category, audience, model, angellist_url
Valla, date, category, audience, model, angellist_url
Gino LegalTech, date, category, audience, model, angellist_url
The National Law Review, date, category, audience, model, angellist_url
MGROUP, date, category, audience, model, angellist_url
VantageBP, date, category, audience, model, angellist_url
Legalbird, date, category, audience, model, angellist_url
Kontrak Hukum (Buatkontrak), date, category, audience, model, angellist_url
a360inc, date, category, audience, model, angellist_url
Document Modelling, date, category, audience, model, angellist_url
Legalboards.io, date, category, audience, model, angellist_url
JDoe, date, category, audience, model, angellist_url
Zelican Infotech, date, category, audience, model, angellist_url
Mercatório, date, category, audience, model, angellist_url
SmartUp Legal, date, category, audience, model, angellist_url
digitalCounsels, date, category, audience, model, angellist_url
LegalForms, date, category, audience, model, angellist_url
F-LEX, date, category, audience, model, angellist_url
Suyo, date, category, audience, model, angellist_url
Tagdox, date, category, audience, model, angellist_url
ipQuants AG, date, category, audience, model, angellist_url
Easyoffer, date, category, audience, model, angellist_url
ZHIANT, date, category, audience, model, angellist_url
FMeasure, date, category, audience, model, angellist_url
Branding Technology Japan, date, category, audience, model, angellist_url
OneWill, date, category, audience, model, angellist_url
HELM360, date, category, audience, model, angellist_url
Infolegale, date, category, audience, model, angellist_url
Patexia, date, category, audience, model, angellist_url
Legasis Services, date, category, audience, model, angellist_url
SheriaSoft, date, category, audience, model, angellist_url
Lawflex, date, category, audience, model, angellist_url
BlackStone Discovery, date, category, audience, model, angellist_url
Hipla, date, category, audience, model, angellist_url
"Claudius Legal Intelligence, everything
Route1, date, category, audience, model, angellist_url
Capiche Capital Technologies, date, category, audience, model, angellist_url
The Law App, date, category, audience, model, angellist_url
audaxly, date, category, audience, model, angellist_url
iCEIBA, date, category, audience, model, angellist_url
Alu, date, category, audience, model, angellist_url
CCPA Toll Free, date, category, audience, model, angellist_url
Izwan & Partners, date, category, audience, model, angellist_url
deephound, date, category, audience, model, angellist_url
Immicompliance, date, category, audience, model, angellist_url
ApexCLE, date, category, audience, model, angellist_url
ZipClaims, date, category, audience, model, angellist_url
fastMatter, date, category, audience, model, angellist_url
Lexvoco, date, category, audience, model, angellist_url
Veloxiti, date, category, audience, model, angellist_url
ZICO Law, date, category, audience, model, angellist_url
Logwise, date, category, audience, model, angellist_url
Beti, date, category, audience, model, angellist_url
IP Checkups, date, category, audience, model, angellist_url
Valire, date, category, audience, model, angellist_url
SUMMARLY, date, category, audience, model, angellist_url
SIËSDE, date, category, audience, model, angellist_url
Deep Legal, date, category, audience, model, angellist_url
Compliance Sign, date, category, audience, model, angellist_url
Acaya, date, category, audience, model, angellist_url
Bilr, date, category, audience, model, angellist_url
ShakeUp Online, date, category, audience, model, angellist_url
Valcu, date, category, audience, model, angellist_url
LEGALIBOO, date, category, audience, model, angellist_url
Justice Toolbox, date, category, audience, model, angellist_url
Searchbug, date, category, audience, model, angellist_url
Alba Software, date, category, audience, model, angellist_url
Immortalize, date, category, audience, model, angellist_url
Aleri, date, category, audience, model, angellist_url, date, category, audience, model, angellist_url
Aldabada, date, category, audience, model, angellist_url
GDPR Register, date, category, audience, model, angellist_url
Legaline, date, category, audience, model, angellist_url
SelfLawyer, date, category, audience, model, angellist_url
ligris., date, category, audience, model, angellist_url
Atims, date, category, audience, model, angellist_url
Africa Legal News, date, category, audience, model, angellist_url
Liquid Litigation Management, date, category, audience, model, angellist_url
AudioLock, date, category, audience, model, angellist_url
LegalMaps, date, category, audience, model, angellist_url
Finnovating, date, category, audience, model, angellist_url
Ocaflow, date, category, audience, model, angellist_url
3Lawgy, date, category, audience, model, angellist_url
LegalComet, date, category, audience, model, angellist_url
Novus Law, date, category, audience, model, angellist_url
Privatica, date, category, audience, model, angellist_url
Crowd & Co, date, category, audience, model, angellist_url
Lawgarithm, date, category, audience, model, angellist_url
AudioCaseFiles, date, category, audience, model, angellist_url
Sahu4You.Com, date, category, audience, model, angellist_url
Inheryt, date, category, audience, model, angellist_url
Black Swan Digital Forensics, date, category, audience, model, angellist_url
BlxLaw, date, category, audience, model, angellist_url
DocPro, date, category, audience, model, angellist_url
FilersKeepers, date, category, audience, model, angellist_url
eifas, date, category, audience, model, angellist_url
Will 2 Click, date, category, audience, model, angellist_url
AENVI, date, category, audience, model, angellist_url
Weblaw, date, category, audience, model, angellist_url
Parallel Solutions, date, category, audience, model, angellist_url
Chudnovsky Law, date, category, audience, model, angellist_url
Crefovi, date, category, audience, model, angellist_url
Moviinn, date, category, audience, model, angellist_url
Uitelkaar.nl, date, category, audience, model, angellist_url
Abogados NOW, date, category, audience, model, angellist_url
id est avocats, date, category, audience, model, angellist_url
Draftr, date, category, audience, model, angellist_url
Environmental Health Coalition, date, category, audience, model, angellist_url
LEXAI, date, category, audience, model, angellist_url
Masoomeen Quran Center, date, category, audience, model, angellist_url
Coretext, date, category, audience, model, angellist_url
FilingMantra, date, category, audience, model, angellist_url
Jurimetric, date, category, audience, model, angellist_url
DadPardaz, date, category, audience, model, angellist_url
LexDock, date, category, audience, model, angellist_url
Patent Digest, date, category, audience, model, angellist_url
Politico Group, date, category, audience, model, angellist_url
Legal Innovators, date, category, audience, model, angellist_url
Bend Law Group, date, category, audience, model, angellist_url
Tod.d: Your Virtual Chief of Staff, date, category, audience, model, angellist_url
LCM Finance, date, category, audience, model, angellist_url
Lig, date, category, audience, model, angellist_url
Berkman Solutions, date, category, audience, model, angellist_url
Sem Processo, date, category, audience, model, angellist_url
law4tw, date, category, audience, model, angellist_url
Justice Solutions Group, date, category, audience, model, angellist_url
MileMark Media, date, category, audience, model, angellist_url
Braina, date, category, audience, model, angellist_url
Qrative, date, category, audience, model, angellist_url
GoodCall, date, category, audience, model, angellist_url, date, category, audience, model, angellist_url
SAJ ADV, date, category, audience, model, angellist_url
JW LEGAL INNOVATION SAS DE CV, date, category, audience, model, angellist_url
EasyLaw, date, category, audience, model, angellist_url
Matters.Cloud, date, category, audience, model, angellist_url
Anika Legal, date, category, audience, model, angellist_url
Record Grabber, date, category, audience, model, angellist_url
Cysae, date, category, audience, model, angellist_url
InCorp Services, date, category, audience, model, angellist_url
Signature Closers, date, category, audience, model, angellist_url
Avallo, date, category, audience, model, angellist_url
Otica.ai, date, category, audience, model, angellist_url
Vicente Sederberg, date, category, audience, model, angellist_url
DiJu, date, category, audience, model, angellist_url
Litigation Master, date, category, audience, model, angellist_url
Attorney's Back Office, date, category, audience, model, angellist_url
Merton Lawyers, date, category, audience, model, angellist_url
Candor Consulting, date, category, audience, model, angellist_url
LawHero, date, category, audience, model, angellist_url
Clemta, date, category, audience, model, angellist_url
Huttons, date, category, audience, model, angellist_url
Legal Research Center, date, category, audience, model, angellist_url
Planet Data, date, category, audience, model, angellist_url
Legal Hub, date, category, audience, model, angellist_url
Wildcat Legal, date, category, audience, model, angellist_url
One Protect, date, category, audience, model, angellist_url
Referent, date, category, audience, model, angellist_url
The Time Billing, date, category, audience, model, angellist_url
LexMeet, date, category, audience, model, angellist_url
Adidem Corporation, date, category, audience, model, angellist_url
Benoam, date, category, audience, model, angellist_url
aapkaadvocate.com, date, category, audience, model, angellist_url
CYW SOLUTIONS, date, category, audience, model, angellist_url
summing, date, category, audience, model, angellist_url
Buddle, date, category, audience, model, angellist_url
SueApp, date, category, audience, model, angellist_url
123recht, date, category, audience, model, angellist_url
Companyon, date, category, audience, model, angellist_url
GGRUS Technologies Private Limited, date, category, audience, model, angellist_url
Legal Loans, date, category, audience, model, angellist_url
PacerDash, date, category, audience, model, angellist_url
BGC Brasil, date, category, audience, model, angellist_url
Tvuna Software Industries, date, category, audience, model, angellist_url
Free Legal Aid, date, category, audience, model, angellist_url
JustResolve, date, category, audience, model, angellist_url
Disputec PeaceMaker, date, category, audience, model, angellist_url
Peace Talks Mediation, date, category, audience, model, angellist_url
Bengoshi Talk, date, category, audience, model, angellist_url
Lawhawk, date, category, audience, model, angellist_url
Nubbius, date, category, audience, model, angellist_url
QuickWill, date, category, audience, model, angellist_url
Soocasa, date, category, audience, model, angellist_url
Righty, date, category, audience, model, angellist_url, date, category, audience, model, angellist_url
Saxton and Stump, date, category, audience, model, angellist_url
Bis-Tec Technologies, date, category, audience, model, angellist_url
AOS Korea, date, category, audience, model, angellist_url
Visitation Ease, date, category, audience, model, angellist_url
Iuris NOW, date, category, audience, model, angellist_url
BlackLetter, date, category, audience, model, angellist_url
BAI Digital, date, category, audience, model, angellist_url
Enact Conveyancing, date, category, audience, model, angellist_url, date, category, audience, model, angellist_url
Pisar.bg, date, category, audience, model, angellist_url
Van Norman Law, date, category, audience, model, angellist_url
lex.be, date, category, audience, model, angellist_url
MutuAlies, date, category, audience, model, angellist_url
Goodrich & Geist PC, date, category, audience, model, angellist_url
MyDefence, date, category, audience, model, angellist_url, date, category, audience, model, angellist_url
Legal Resolved, date, category, audience, model, angellist_url
Bernabei & Wachtel, date, category, audience, model, angellist_url
"ADR Notable, everything
Da Vinci Partners LLC, date, category, audience, model, angellist_url
Uniproof, date, category, audience, model, angellist_url
Legable, date, category, audience, model, angellist_url
FP Partner, date, category, audience, model, angellist_url
Edilex, date, category, audience, model, angellist_url
The Technolawgist, date, category, audience, model, angellist_url
eLakitoimisto, date, category, audience, model, angellist_url
Noell Consulting Group, date, category, audience, model, angellist_url
VictorAi, date, category, audience, model, angellist_url
IIPRD, date, category, audience, model, angellist_url
Kondracki Celej, date, category, audience, model, angellist_url
Berlin Patten Ebling, date, category, audience, model, angellist_url
Aspirea, date, category, audience, model, angellist_url
PointOFLAW, date, category, audience, model, angellist_url
AllMed, date, category, audience, model, angellist_url
Stevens & Williamson Attorneys at Law, date, category, audience, model, angellist_url
IurFRIEND, date, category, audience, model, angellist_url
Softinfo, date, category, audience, model, angellist_url, date, category, audience, model, angellist_url
The Center for Computer-Assisted Legal Instruction, date, category, audience, model, angellist_url
LegaleFacile, date, category, audience, model, angellist_url
Hanrei Times Holdings, date, category, audience, model, angellist_url
Meu Primeiro Ape, date, category, audience, model, angellist_url
SKUANI, date, category, audience, model, angellist_url
Virtual Pricing Director, date, category, audience, model, angellist_url
Planet Patent, date, category, audience, model, angellist_url
Advc8, date, category, audience, model, angellist_url
We Legalize, date, category, audience, model, angellist_url
Alliance Protection & Investigation, date, category, audience, model, angellist_url
Handelonthelaw, date, category, audience, model, angellist_url
Dimension Informatique Realisations, date, category, audience, model, angellist_url
RegNet Solutions, date, category, audience, model, angellist_url
Migration Agent and Immigration Lawyer Association, date, category, audience, model, angellist_url
Suitup Israel, date, category, audience, model, angellist_url
Acordo Fechado, date, category, audience, model, angellist_url
Escola de Cálculos, date, category, audience, model, angellist_url
LinkLei, date, category, audience, model, angellist_url
Legalcloud, date, category, audience, model, angellist_url
London Law Agency, date, category, audience, model, angellist_url
Ingensity IP, date, category, audience, model, angellist_url
NovaProlink Tecnologia, date, category, audience, model, angellist_url
Church General Counsel, date, category, audience, model, angellist_url
Buche & Associates Pc, date, category, audience, model, angellist_url
Berkelyn, date, category, audience, model, angellist_url
Mccoy|fatula, date, category, audience, model, angellist_url
RA MICRO Software, date, category, audience, model, angellist_url
Nexlaw Partners, date, category, audience, model, angellist_url
OOO SKB, date, category, audience, model, angellist_url
KeyVision PRO, date, category, audience, model, angellist_url
RealLegal, date, category, audience, model, angellist_url, date, category, audience, model, angellist_url
Law Offices Of Barry K. Rothman, date, category, audience, model, angellist_url
Legalr, date, category, audience, model, angellist_url
Weisberg Friedman & Klapisch, date, category, audience, model, angellist_url
Pope mcglamry, date, category, audience, model, angellist_url
Gepro Software Jurídico, date, category, audience, model, angellist_url
Bungeni Consulting, date, category, audience, model, angellist_url
Peters & Peters, date, category, audience, model, angellist_url
Indenizar, date, category, audience, model, angellist_url
Blackmere Consulting, date, category, audience, model, angellist_url
MyLegalCoverage, date, category, audience, model, angellist_url
Makowski Legal Group, date, category, audience, model, angellist_url
Curtin & Heefner, date, category, audience, model, angellist_url
EDOA, date, category, audience, model, angellist_url
Grinm Advanced Materials, date, category, audience, model, angellist_url
NextLex, date, category, audience, model, angellist_url
Lovelace Killen, date, category, audience, model, angellist_url
Vance and Larson Law Firm, date, category, audience, model, angellist_url
Intelivix, date, category, audience, model, angellist_url
Harrison and Held, date, category, audience, model, angellist_url
Puritas Springs Software, date, category, audience, model, angellist_url
Ajudici, date, category, audience, model, angellist_url
RenterLove, date, category, audience, model, angellist_url
D'acordo Mediações, date, category, audience, model, angellist_url
RION Corp, date, category, audience, model, angellist_url
Fowler Hein Cheatwood & Williams, date, category, audience, model, angellist_url
Malgueiro Campos Advocacia, date, category, audience, model, angellist_url
Makaira, date, category, audience, model, angellist_url
Soloway Wright, date, category, audience, model, angellist_url
iProcessum, date, category, audience, model, angellist_url
Millennium International Patent Law Firm, date, category, audience, model, angellist_url
"SL DESK, everything
Callahan & Blaine, date, category, audience, model, angellist_url
Tomaz, date, category, audience, model, angellist_url
Plougmann Vingtoft, date, category, audience, model, angellist_url
Rooney Law Firm, date, category, audience, model, angellist_url
Legacy Network, date, category, audience, model, angellist_url
Keystone Legal, date, category, audience, model, angellist_url
Jiangsu Zhongtian Technology, date, category, audience, model, angellist_url
Apptorney, date, category, audience, model, angellist_url
contratabien.com, date, category, audience, model, angellist_url
WikiProp, date, category, audience, model, angellist_url
Gestion Legal Colombia, date, category, audience, model, angellist_url
Rangefindr, date, category, audience, model, angellist_url
Dokument 24, date, category, audience, model, angellist_url
Privacy Control Center, date, category, audience, model, angellist_url
API Garant, date, category, audience, model, angellist_url
Jacobowitz & Gubits, date, category, audience, model, angellist_url
Assist-Ant, date, category, audience, model, angellist_url
Pelkey & Pelkey, date, category, audience, model, angellist_url
Management Solutions Consulting, date, category, audience, model, angellist_url
iPLAB Startups, date, category, audience, model, angellist_url
Nominandum, date, category, audience, model, angellist_url
Lawdef, date, category, audience, model, angellist_url
Public Law, date, category, audience, model, angellist_url
Lawsome, date, category, audience, model, angellist_url
dpVUE .images, date, category, audience, model, angellist_url
Steinfeld and Steinfeld, date, category, audience, model, angellist_url
Edgar Law Firm, date, category, audience, model, angellist_url
SECIB, date, category, audience, model, angellist_url
Prisma Jurídico, date, category, audience, model, angellist_url
Shenzhen Asia Link Technology Development, date, category, audience, model, angellist_url
Law Explorers, date, category, audience, model, angellist_url
The Heir Hunters, date, category, audience, model, angellist_url
TRAIAL, date, category, audience, model, angellist_url
Lawfully, date, category, audience, model, angellist_url
Solucionare Logística Jurídica, date, category, audience, model, angellist_url
Intelectual Abogados, date, category, audience, model, angellist_url
KEY Discovery, date, category, audience, model, angellist_url
JusAPI, date, category, audience, model, angellist_url
LIRIS, date, category, audience, model, angellist_url
Law Offices Of J Samuel Worley, date, category, audience, model, angellist_url
GDPRfolder.eu, date, category, audience, model, angellist_url
LegalTap, date, category, audience, model, angellist_url
Protorae Law, date, category, audience, model, angellist_url
Liscentrum Capital, date, category, audience, model, angellist_url
Policastro Law Group, date, category, audience, model, angellist_url
Vision Legal Services, date, category, audience, model, angellist_url
SC Patents, date, category, audience, model, angellist_url
ALTON North America, date, category, audience, model, angellist_url
Global Legal Data, date, category, audience, model, angellist_url
SEC Intelligence, date, category, audience, model, angellist_url
AutenTIC, date, category, audience, model, angellist_url
Templars, date, category, audience, model, angellist_url
Fidus Law Chambers, date, category, audience, model, angellist_url
Choice Legal Group, date, category, audience, model, angellist_url
Justice2People, date, category, audience, model, angellist_url
Cavalcante Advogados, date, category, audience, model, angellist_url
Visionary Legal Technologies, date, category, audience, model, angellist_url
Reductech, date, category, audience, model, angellist_url
Athelstan, date, category, audience, model, angellist_url
Gallo & Iacovangelo, date, category, audience, model, angellist_url
Sallah Astarita and Cox, date, category, audience, model, angellist_url
Vertex Legal App, date, category, audience, model, angellist_url
LawSchoolProfs.com, date, category, audience, model, angellist_url
Audley Clarke Solicitors, date, category, audience, model, angellist_url
EXPO, date, category, audience, model, angellist_url, date, category, audience, model, angellist_url
Third Dog Software, date, category, audience, model, angellist_url
Carofano Law, date, category, audience, model, angellist_url
Reviewsolicitors, date, category, audience, model, angellist_url
Kwick Soft Solutions, date, category, audience, model, angellist_url
Carman And Bevington, date, category, audience, model, angellist_url
Fallco, date, category, audience, model, angellist_url
JusticeBot, date, category, audience, model, angellist_url
Beau Walker - Marketing Scientist, date, category, audience, model, angellist_url
HELP ME, date, category, audience, model, angellist_url
Case Law Search, date, category, audience, model, angellist_url
Beliveau Law Group, date, category, audience, model, angellist_url
Whiting Consulting, date, category, audience, model, angellist_url
Az Justice Center, date, category, audience, model, angellist_url
The Pacific Law Group, date, category, audience, model, angellist_url
Vaaithaa, date, category, audience, model, angellist_url
Hoffberg & Associates, date, category, audience, model, angellist_url
Reyes & Reyes Law Firm, date, category, audience, model, angellist_url
Nomad Being, date, category, audience, model, angellist_url
Mrv Marketing., date, category, audience, model, angellist_url
Hozelito, date, category, audience, model, angellist_url
LawGuage, date, category, audience, model, angellist_url
Aamicus, date, category, audience, model, angellist_url
Budde Schou, date, category, audience, model, angellist_url
Advocatenkantoren.nl, date, category, audience, model, angellist_url
Jonathan G Brill Law Firm, date, category, audience, model, angellist_url
Replacement-in-hearing, date, category, audience, model, angellist_url
LAWPP, date, category, audience, model, angellist_url
"Wetherington Law Firm, everything
Alfavit, date, category, audience, model, angellist_url
Metricson, date, category, audience, model, angellist_url
Axon Partners, date, category, audience, model, angellist_url
LT42, date, category, audience, model, angellist_url
Środkowopomorska Rada Naczelnej Organizacji; Technicznej, date, category, audience, model, angellist_url
Brandnsulting Group, date, category, audience, model, angellist_url
Egloff and Partner Services AG, date, category, audience, model, angellist_url
Rehabilitation Services, date, category, audience, model, angellist_url
FlashPoint IP, date, category, audience, model, angellist_url
Oberholtzer & Filous, date, category, audience, model, angellist_url
DiRiSo, date, category, audience, model, angellist_url
ab asesores y administraciones, date, category, audience, model, angellist_url
Ramseier Treuhand, date, category, audience, model, angellist_url
Jureca, date, category, audience, model, angellist_url
Renata Laterza Consultancy, date, category, audience, model, angellist_url
Aquarium | Legal Things, date, category, audience, model, angellist_url
FindResolution - Gestão Estratégica de Conflitos, date, category, audience, model, angellist_url
Processualle Lexjudix, date, category, audience, model, angellist_url
eConciliar, date, category, audience, model, angellist_url
About Innovation, date, category, audience, model, angellist_url
Ella Cheong Hong Kong, date, category, audience, model, angellist_url
"AdvantageLaw, everything
Total Translations, date, category, audience, model, angellist_url
Arbitrate, date, category, audience, model, angellist_url
MAIS JUSTIÇA, date, category, audience, model, angellist_url
Prima Veritas, date, category, audience, model, angellist_url
Kazan Legal Center, date, category, audience, model, angellist_url
Tsoromokos & Papadopoulos, date, category, audience, model, angellist_url
Sob Demanda, date, category, audience, model, angellist_url
AdvoCoder UG, date, category, audience, model, angellist_url
Ottoni´s Consultoria, date, category, audience, model, angellist_url
Correa Porto, date, category, audience, model, angellist_url
LEGAL WIN CONSULTING LLP, date, category, audience, model, angellist_url
Dok.legal, date, category, audience, model, angellist_url
Flime, date, category, audience, model, angellist_url
