AfterSteps, http://www.aftersteps.com
AI Patents, https://www.aipatents.com
AirHelp, https://www.airhelp.com/en/
Ashem, https://www.facebook.com/Ashemllc
Ategra Computer Technology, https://ategra.com.au
BackStartup, https://www.backstartup.com/
Brightleaf, https://www.brightleaf.com/
Captain Contrat, https://www.captaincontrat.com/
Bhavnani Technologies, http://www.bhavnani.info
BleuAcre, http://www.bleuacre.com/
Caseflow, https://caseflow.co
Casetext, https://casetext.com/
CellBreaker, https://www.cellbreaker.com/
Chapter 11 Dockets, https://www.chapter11dockets.com/
Checkr, https://checkr.com/
Congo, https://congo.io
ClearView Social, https://clearviewsocial.com/
Contractually, http://www.contractual.ly/
Justia, https://www.justia.com/
Corporize, https://www.corporize.com
Court Listener, https://www.courtlistener.com/
CourtSide EDX, http://www.edxontario.com/
Contractlytics, http://www.contractlytics.com/
Counterfeit.Technology, http://counterfeit.technology/AL
Instadocket, https://www.instadocket.com
DivorceMate Software, https://www.divorcemate.com/home/
doAgree, http://www.doagree.com
Docasaurus, Inc., https://www.docasaurus.com
Docracy, https://www.docracy.com/
EasyIntake, http://easyintake.com/
EasyLaw.in, https://www.easylawinc.com/
Global-Regulation.com*, http://www.global-regulation.com
Picture It Settledå¨, http://www.pictureitsettled.com/
Esq. Safe, http://esqsafe.launchrock.com/
everplans, https://www.everplans.com/
experdocs, https://www.experdocs.com
FactBox, https://getfactbox.com
FiscalNote, https://fiscalnote.com
Fixed, http://www.getfixed.me/
HaystackHQ, http://haystackhq.com/
HotDocs, https://www.hotdocs.com
iPleaders, https://ipleaders.in
Jurify, http://www.jurify.com
Judicata, https://www.judicata.com
Karnov Group Denmark A/S, https://www.karnovgroup.com/en/
LegalClick, https://www.legalclick.com
LegalYou, https://legalyou.com/
LawGives, https://www.lawgives.com/
LawMeets, http://www.lawmeets.com/
LawStud.io LLC, http://www.lawstud.io
LawTrades, https://www.lawtrades.com/
LAWYA, https://Lawya.com
LawZam, https://www.lawzam.com/
Lawditor.com, http://www.lawditor.com
LegalCafe, http://www.legalcafe.ca/
LegalEZ, http://www.thelawschoolapp.com/
LegalFacil, https://legalfacil.com
Legalswipe, http://www.legalswipe.com/
LegalTap - On Demand Legal, https://www.legaltap.org/
LegalZoom.com, https://www.legalzoom.com/
LegÌ_timo, http://legitimoapp.com/
Mootus, http://www.mootus.com/
My Exit Strategy, http://myexitstrategy.co/
Linte, https://linte.com.br/
LegalTrek, https://www.legaltrek.com/
Logikcull, https://www.logikcull.com/
LucanDOCS, https://lucandocs.com
Lynx Workflow, http://www.lynxworkflow.com/
Manzama, https://manzama.com/
MapYourProperty, https://www.mapyourproperty.com/
metricson, https://metricson.com
MiAbogado, https://miabogado.pe
MyCase, https://www.mycase.com/
myRight, https://www.myright.de/
Nventi, https://nventi.com
Pbworks, http://www.pbworks.com
Peppercorn, http://www.peppercorn.it/en
Planned Departure, https://www.planneddeparture.com/
Pramata, https://www.pramata.com
Push Legal, https://pushlegal.com
Patexia Inc., https://www.patexia.com/
Quimbee, https://www.quimbee.com/
Quolaw, https://quolaw.com
RainmakerVT, https://www.rainmakervt.com/
rangefindr, https://www.rangefindr.ca
Restructuring Concepts, https://www.chapter11dockets.com/
RETiDoc, https://retidoc.com
RocketLawyer, https://www.rocketlawyer.com/
Shoobx, https://www.shoobx.com/
Smokeball, https://www.smokeball.com/
Rghtly, http://rghtly.com
RightsFlow, http://rightsflow.com
Clault, https://clault.com
Voltaire, https://voltaireapp.com
vLex, https://vlex.com
Virtual Law Direct, http://www.virtuallawdirect.com/
Viditure, https://viditure.com
Tunnel X, Inc., https://www.tunnelx.com/
TrademarkNow, https://www.trademarknow.com/
Block Notary, https://www.blocknotary.com
ZoundsHearing.com, http://www.zoundshearing.com/
Yuristiya, https://yuristiya.com
The Family Community, https://www.thefamilycommunity.com/
WeedTraQR, https://weedtraqr.com
Alt Legal, https://www.altlegal.com
Bestlaw, https://www.bestlaw.io/
CarBack, https://carback.us
CaseFleet, https://www.casefleet.com/
Certifact, https://www.abmssolutions.com
Autriv Software Development, https://www.autriv.com
Kleros, https://kleros.io/
Lexoo Ltd, https://www.lexoo.com/
ClearstoneIP, https://www.clearstoneip.com/
Clocktimizer, https://www.clocktimizer.com/
Pactanda, https://pactanda.com/
CrowdJustice, https://www.crowdjustice.com/
Cryptonomica, https://www.f6s.com/cryptonomica
Doctrine.fr, https://www.doctrine.fr
Intake 123, https://www.intake123.com
IPStreet, https://www.ipstreet.com
Hotshot, https://www.hotshotlegal.com/
Lawyered, https://www.lawyered.in/
Legal Equalizer, https://www.legaleqapp.com
Legal.io, https://www.legal.io/
Legitimo, http://legitimoapp.com/
Lexbe, https://www.lexbe.com
Workshare Transact, https://www.workshare.com/
Local Lawyer, http://www.LocalLawyerApp.com
SeRiouS, https://SpacedRepetition.com
LegalServer, https://www.legalserver.org/
NuLawLab, https://www.nulawlab.org/
Law4TW, https://law4tw.com
Kira Systems, https://kirasystems.com/
Beagle.ai, http://beagle.ai/
BidSettle, https://www.bidsettle.com/
Legal Robot, https://legalrobot.com/
MyCourtCase, http://www.mycourtcase.org
Estate Guru, https://estateguru.com
DirectLaw, https://www.directlaw.com/
Judgment Pay, http://www.judgmentpay.com/
Beamium, https://www.beamium.com/
Avostart.fr, https://www.avostart.fr/
MyOnlineCA, https://www.myonlineca.in/
openlaws gmbh, https://openlaws.com/
Premonition Analytics, https://premonition.ai
Legal Miner, https://www.legalminer.com/en/about-us
Octimine Technologies, https://www.octimine.com
Legalstart.fr, https://www.legalstart.fr
Docket Alarm, https://www.docketalarm.com
ClientSide, https://www.goclientside.com/
Witnex, https://www.witnex.com/
Lex.be, https://lex.be/
LawSpot, https://www.lawspot.gr/
DocuSign, https://www.docusign.com/
Code for America, https://www.codeforamerica.org/
Stanford Securities Litigation Analytics, https://sla.law.stanford.edu/
DP-O Internet GmbH, https://advolist.at
BitTitan, https://www.bittitan.com
legalstart.fr, https://www.legalstart.fr/
Marktplatz-Recht, http://www.marktplatz-recht.de/
Co/Counsel, http://www.cocounsel.co/
Legaler, http://home.legaler.com/
LawMoose, http://www.lawmoose.com/
Google Patents, https://patents.google.com/
Deftr, http://thedeftr.com/
Everchron, https://www.everchron.com/
Nyaaya, https://nyaaya.org/
Upcounsel, https://www.upcounsel.com/
DoNotPay, https://donotpay.com/
Traklight, https://www.traklight.com/
Asia Law Network, https://www.asialawnetwork.com/
eLakitoimisto OÜ, https://sopimuspohja.com
Neota Logic, https://www.neotalogic.com/
elAbogado.com, https://www.elabogado.com
GoldFynch, https://goldfynch.com/
Allegory Law, https://www.allegorylaw.com/
LawDroid, https://lawdroid.com
Doxbi, http://doxbi.com/
Closing Folders Inc., https://www.closingfolders.com/
Vijilent, https://www.vijilent.com/
nubbius, https://nubbius.com
Doxly, https://doxly.com/
Immuta, https://www.immuta.com/
Legal IT Group, https://legalitgroup.com/en/home-page/
Court Innovations Inc., https://getmatterhorn.com
Conflicteam, https://conflicteam.com/
Airport Lawyer, https://www.airportlawyer.org/
CASEpeer, https://www.casepeer.com/
TrustedHeir, https://www.trustedheir.com
Libryo Ltd, https://libryo.com/
i-Wisdom Business Partners, https://www.i-wisdom.com
BurgieLaw, https://www.burgielaw.com
Atrium, https://www.atrium.co
Monax, https://monax.io
Center for Computer-Assisted Legal Instruction, https://www.cali.org
Evichat, https://www.evichat.com
RPX, https://search.rpxcorp.com/
Legalese 2.0, https://legalese.com
Brāv, https://www.brav.org
CounselHQ, https://www.counselhq.com/
Legalist Online On Hukuk Hizmetleri A.S., https://www.legalist.com/
Specifio, https://specif.io
Lawsnote, https://lawsnote.com/
Catalyst Repository Systems, https://catalystsecure.com
Fastcase, https://www.fastcase.com/
Crowd & Co., https://crowdandco.com
Codify Legal Publishing, https://codifylegalpublishing.com/
Casetab, https://casetabs.com/
LawHawk Limited, https://www.lawhawk.nz/
Patentfield Inc., https://en.patentfield.com
Priori Legal, https://www.priorilegal.com/
Mohtasib, http://www.mohtasib.gov.pk/
Sheriasoft Technologies, https://www.sheriasoft.com
Dataprise, https://datapriseblog.wordpress.com/
MediaRebel, https://mediarebel.com/
Esqalate, https://www.proboknow.com
Apperio, https://www.apperio.com
Catherine Krow, https://www.digitorylegal.com
Legalpal ltd, https://www.legalpal.gr
Digital Rights Solutions GmbH & Co. KG, https://www.diriso.de
Tali, https://www.telltali.com
easyQuorum, https://www.easyquorum.com/
elementaryIP, https://www.elementaryip.com/
DPOrganizer, https://www.dporganizer.com
LexDo.it Srl, https://www.lexdo.it
Aderant, https://www.aderant.com/
ObjectiveManager, https://about.objectivemanager.com/
CiteRight, https://www.citeright.net
FreeWill, https://www.freewill.com
XSUD, LLC, https://xsud.ru
Juscutum, https://juscutum.com
CoralDocs, https://coraldocs.com/
Directive Communication Systems, Inc., https://www.directivecommunications.com
LegalVision, https://www.legalvision.fr/
FoxNot, https://www.foxnot.com/
Casepoint, https://www.casepoint.com
Cognate, https://Cognate.com
smartwork solutions GmbH, https://www.smashdocs.net
Run the Call, https://runthecall.com
KawGro Inc, https://lawgro.com/
Accord Project, https://www.accordproject.org/
AdaptiBar, https://www.adaptibar.com
Advokatami.bg, https://www.advokatami.bg/
zhiANT, https://www.zhiant.com
Zariya, https://www.zariyaindia.org/
Agreemint, https://www.agreemint.com/
Wizdocs, http://www.wizdocs.com/
WhichDraft, https://whichdraft.com/
Wallstreetdocs, https://www.wallstreetdocs.com/
American Startup, https://american-startup.com/
VoiLaw, http://people.ischool.berkeley.edu/~jooddang/voilaw/
Weblaw AG, https://www.weblaw.ch
Vestd, https://vestd.com/
AI Lawracle, https://www.ailawracle.com
Alexsei Inc., https://www.alexsei.com/
Amicus ALJ, http://www.amicus-alj.org/
Anaqua, https://www.anaqua.com
anwalt.de services AG, https://www.anwalt.de/
Appunte, https://www.appunte.cl/
Aquis Search, https://www.aquissearch.com/
Vertex App, http://www.ltvertex.com.mx/Publica/inicio.aspx#como-funciona
Valcu Inc., https://valcu.co/
Vakilsearch, https://vakilsearch.com/
Upsolve, https://upsolve.org
Assently, https://assently.com/
Unified Patents, https://www.unifiedpatents.com/
AtlaSense, https://www.atlasensebiomed.com/
TRXNHUB, https://www.tunnelx.com/
Atticus Now, http://atticusnow.com/
Attorney's Back Office, Inc., http://www.attorneysbackoffice.com/
Trail Bloom, https://www.trialboom.com/
Aurum Software, https://www.aurum.com.br/
Autentic, http://autentic.com.co
Tracument, https://www.tracument.com/
Bakerfield Group, http://www.bakerfieldgroup.com/en/home/
DeLeyes, https://www.deleyes.com/
Automio, https://autom.io/
Tort IQ, https://www.tortiq.com/
Top Class Actions, https://topclassactions.com/
Toonari, https://www.toonaricorporation.com/
Tomorrow Ideas, https://tomorrow.me/
Zelican Technologies, Inc, https://www.zelican.com
Basement Crowd, https://www.basementcrowd.com/
Teen Legal Helpline, https://teenlegalhelpline.org/
BernieSez, https://www.berniesez.com/
Bill4Time, https://www.bill4time.com
BizAbroad Xpress, http://www.bizabroadxpress.com/
Blockstone, http://www.blockstone.org
Botler AI, https://botler.ai
Bengeni Consulting, https://www.bungeni.com
MeWe.Org, https://mewe.org/
Otonomos, https://otonomos.com
Modus, https://discovermodus.com
EDT, https://www.discoverEDT.com
Nalytics, https://www.nalytics.com
Blue J Legal Inc., https://www.bluejlegal.com/
eSign Genie, https://www.esigngenie.com/
Contraktor, https://contraktor.com.br/
FastVisa US, https://www.fastvisa.us/
Berkeley Bridge, https://www.berkeleybridge.com
MyAdvo TechServe, https://www.myadvo.in/
Ruby Datum Ltd, https://www.rubydatum.com
ClaimCompass, https://www.claimcompass.eu/en/
priya, https://www.myadvo.in/property-law-lawyers/kolkata/
Exterro, Inc, https://www.exterro.com/
PocketLawyer, http://www.pocketlawyer.com
ExtendLaw, https://extendlaw.com/
ProJuris, https://www.projuris.com.br/
streamlaw GmbH, https://streamlaw.de
PatentPal Inc., https://patentpal.com/
Founded.Co, https://www.founded.co
Legit Quest, https://www.legitquest.com/
Helm Social Design Studio, https://www.helmstudio.org/
JustResolve LLC, https://www.justresolve.com/
Legal Labs, https://www.legallabs.com/
Xakia Technologies, https://www.xakiatech.com/
Case Status, Inc., https://www.casestatus.com
RegNet Solutions, LLC, https://regnetsolutions.com
Lawcadia, https://www.lawcadia.com/
Soft8 Softwares Inteligentes, https://www.iprocessum.com.br
LAPIXA, https://lapixa.com/
Kelsen, http://www.ask-kelsen.com/
Legodesk, https://legodesk.com/
Lawmatters, http://www.lawmatters.com/
LawGuage.com, https://www.lawguage.com/
Agence Juridique, https://agence-juridique.com/
PolicyStore, https://thepolicystore.com/
eEvidence, https://www.eevidence.com/en/
Privva, https://www.privva.com/
MyLawNow, http://mylawnow.com/
Living Legacies, http://www.livinglegacies1914-18.ac.uk/
LawAdvisor, https://www.lawadvisor.com/
Qualia, https://www.qualia.com/
Dacreed, https://www.dacreed.com/
CaseMetrix, https://case-metrix.com/
Patdek Software, https://www.patdek.com/
Mplace, https://mplace.io/
Ligo, https://www.ligo.nl/?locale=en
LEGALS, https://legals.fr
ONE400, https://one-400.com/
matters.Cloud, https://www.matters.cloud
Trial Boom, https://www.trialboom.com/
LegalSeba, https://legalseba.com/
Legal Creatives, https://www.legalcreatives.com/
Privatim, http://privatim.io/
Studentensteuererklaerung.de, https://www.studentensteuererklaerung.de/
LawIQ, https://www.lawiq.com/
Good Call, https://goodcall.nyc/
OpenLaw, https://www.openlaw.io/
LeBonBail, https://www.lebonbail.fr/
Crowdjury, https://www.crowdjury.org/
LinkSquares, https://linksquares.com/
Litify, https://www.litify.com/
TIQ, https://www.tiqtime.com/
Epoq Legal Inc, http://www.epoq.co.uk/
Courtsdesk, https://www.courtsdesk.com/
Courtroom5, https://get.courtroom5.com/
IP Metro, https://ipmetro.com/
SpotDraft, https://spotdraft.com/
MikeLegal, https://mikelegal.com/
soocasa, http://soocasa.com/
Someturva, https://someturva.fi/
Law ExplorersÂ®, http://www.lawexplorers.com/
GSTStreet, https://www.gststreet.com/
Of Counsel Group, https://ofcounselgroup.com/
MoveDocs, https://www.movedocs.com/
RefundMyTicket.Net (Claim Assistance SAS), https://www.refundmyticket.net/
Pax, https://www.pax.com/
CLAWS, http://www.claws.io/
Percipient, https://percipient.co/
Milyli, https://www.milyli.com/
LawGro, https://lawgro.com/
Resis, https://www.resis-srl.com/who-we-are/
Immicompliance.com, https://www.immicompliance.com/
Zfusion Tech, http://www.zfusion.cn/
Legaliboo Tech, S.L., https://www.legaliboo.com
CourtQuant, https://www.courtquant.com
eMinutes, https://eminutes.com/
Vaultedge Software, https://www.vaultedge.com/
Clearlaw Inc., https://www.clearlawai.com
Adam H. Rosenblum, https://traffictickets.com/
wakili.ai, https://spark.adobe.com/page/xmnBik1K1tGUN/
APF Technologies LLC, https://www.apftechnology.com
Flex Legal, https://flex.legal/
High Performance Counsel, https://highperformancecounsel.com/
LawPanel, https://www.lawpanel.com/
Enkrypt, https://enkryptapp.com/
LegatumX, https://legatumx.com/
Lawgood, https://lawgood.io/
FairClaims, https://www.fairclaims.com/
Armlaw, http://www.armlaw.com/
EffortlessLegal LLC, https://effortlesslegal.com/
Online Solution Attorney, https://onlinesolutionattorney.be/
SimplyAgree, https://simplyagree.com/
AdvoCoder UG (haftungsbeschränkt), https://www.advocoder.de
SYNTAQ, https://www.syntaq.com
Indexa, https://indexacapital.com/es/esp/
Signatu, https://www.signatu.com/
Online patent, LLC , https://onlinepatent.ru
Law&Company Inc., https://www.lawtalk.co.kr
Patent Bots LLC, https://www.patentbots.com/
Justika, https://www.justika.com/
Softplan Planejamento e Sistemas Ltda., https://softplan.com/
hukumonline.com by PT Justika Siar Publika, https://www.hukumonline.com
Contractbook, https://contractbook.com/
Jarvis Legal, http://www.jarvis-legal.com/
TrialLine, https://trialline.net/
Lucius Report, https://www.luciusreport.com/
erik@translatefx.com, https://www.translatefx.com
CoProcure, Inc., https://www.coprocure.us
lawgarithm, https://www.lawgarithm.net
teachoo, https://www.teachoo.com/
Pravoved.RU LAB, https://pravoved.ru/
Aqnel, https://aqnel.com/
FIRM24.com, https://www.firm24.com/
Legal Advice Middle East, https://legaladviceme.com/
SkyRefund, https://skyrefund.com/
LegalFAB Private Limited, https://legalfab.com
SAJ ADV - Software Jurídico, https://www.sajadv.com.br/
Smith.ai, https://smith.ai/
Texas Trust Home Loans, https://www.texastrustloans.com/
Pravoved.ru, https://pravoved.ru/
PREDICTICE, https://www.predictice.com
Josef, https://joseflegal.com/
MYFLYRIGHT, https://myflyright.com/
ESCRIBA AG, https://www.escriba.de
LeReTo | Legal Research Tool, https://www.lereto.at
Syntexys, https://syntexys.com/
Capiche Capital Technologies Corporation, https://capiche.io
Hotspot Law, https://hotspotlaw.com/
Steinfeld Legal, https://steinfeldlegal.com/
SpeechWrite digital, https://www.speechwrite.com
JUDY, https://www.judy.legal
Emérita Legal, https://www.emerita.legal/
Trustbot Software Inc., https://trustbot.io
Legal Tech Store, https://www.legaltech.store
Discovery Genie LLC, https://www.DiscoveryGenie.com
CLA Reply, https://www.clareply.com
CloudLex Inc., https://www.cloudlex.com/
Les Tricolores, https://www.lestricolores.fr
Vizlegal Ltd., https://www.vizlegal.com
LexpertEase, https://www.lexpertease.com
Jus Mundi, https://jusmundi.com/en/
Knovos, https://www.knovos.com/
Nuix, https://www.nuix.com
Dragonfly Digital Marketing, https://dragonflydm.com
ClauseBase, https://www.clausebase.com
Litigation Edge Pte Ltd, https://litigationedge.asia/
Red Rain, https://www.redraincorp.com
Legatics, https://www.legatics.com
Donna Legal, https://www.donna.legal/
LEAP Legal Software, https://fundcomb.com/company/leap-legal-software
SpeechWrite Digital, https://www.speechwrite.com
Terry Head, https://pinoyreplay.su
Vira DadPardaz Atieh Pendar, https://dadpardaz.com
ThoughtRiver Ltd., https://www.thoughtriver.com
StyleByWood, https://www.stylebywood.com/
Experts.com, https://www.experts.com/
Rechtswinkel.nl, https://www.rechtswinkel.nl
Quesmi, https://www.quesmi.com/
Lavendla AB, https://lavendla.se
Wolony Digital Marketing, https://wolony.com
PartnerVine LLC, https://www.partnervine.com
Vable, https://www.vable.com
rfrnz, https://www.rfrnz.com/en/
Certifix Live Scan, https://www.certifixlivescan.com/
LawPipe, https://www.lawpipe.com
FlyBack LLC, https://3flightdelay.com
Protosys, https://pdfclerk.com
DealRoom, https://dealroom.net
Lendova Mortgage, https://www.lendova.com
Immediation, https://www.immediation.com
Fireworks Store, https://fireworksstore.business.site/
3FlightDelay, https://3flightdelay.com
BanyanRFP, https://www.BanyanRFP.com
UniCourt Inc., https://unicourt.com/
Danse Orientale 5€, https://mona-danse-orientale.com/
Legaldesk.dk ApS, https://www.legaldesk.dk
ListaLegal, LLC, https://www.listalegal.com/
iolex limited, https://www.iolex.com
Ravel Technologies, https://www.raveltech.io
Citadel Law Firm PLLC, https://clfusa.com
SEC Intelligence Inc., https://www.secintelligence.com/
RechtEasy.at, https://www.rechteasy.at
Legal me, https://legaldocsbyme.com/
BlackBoiler, https://www.blackboiler.com
Docketwise, https://www.docketwise.com
Metidice SAS, https://www.metidice.com/
Documate, Inc., https://www.documate.org
Checkbox, https://www.checkbox.ai
LegalHero, http://legalhero.com/
Bestpractix, https://www.bestpractix.com/
Seraphin.legal, https://seraphin.legal/?lang=en
Prospero, https://www.prosperolegal.com
lawpilots GmbH, https://www.lawpilots.com
Legis Información y Soluciones, https://www.legis.co
IntelliCRM, https://www.intellicrm.com
Zelican Infotech Private Limited, https://www.zelican.com
legalitysimplified, https://legalitysimplified.com
Define, https://www.trydefine.com
CONTRACT LOGIX, https://www.contractlogix.com
Jotform, https://www.jotform.com
ClaimMyFlights, https://claimmyflights.com/
Online Legal India, https://www.onlinelegalindia.com/
Lawrbit Lextech Pvt. Ltd., https://www.lawrbit.com/
Merlin Legal Open Source Foundation, https://www.merlinfoundation.org
eConciliador, https://www.econciliador.com.br/en/econciliador-the-simplest-and-most-intelligent-way-to-negotiate/
Lawrbit Lextech India Pvt. Ltd., https://www.lawrbit.com/
Lawrbit Global Compliance Network, https://www.lawrbit.com/
CrashGenius, https://www.crashgenius.com
USA Lawsuit Loans Inc., https://usalawsuitloans.com/
Parke Lawyers, https://pl.com.au/
Brand Discount, https://www.branddiscount.co.uk/
NIKOLSEN, https://nikolsen.com/en/paris-france/virtual-office
SS OFFICE Lawtech, https://www.ssoffice.com.br
Advolist, https://advolist.at
MotoLlopis, https://motollopis.es
CourtCorrect, https://www.courtcorrect.com/
UpCounsel, https://www.upcounsel.com/
OneDome, https://www.onedome.com/
BRYTER, https://bryter.io/
Plunes, https://www.plunes.com/
Cortical.io, https://www.cortical.io/
Brightflag, https://brightflag.com/
Smart Protection, https://smartprotection.com/en/
Trellis Research, https://trellis.law/
The Link App, https://thelinkapp.com/
Privacy Tools, https://www.privacytools.io/
Sigalei, https://www.sigalei.com.br/
Validated ID, https://www.validatedid.com/
Parley Pro, https://parleypro.com/
LegitQuest, https://www.legitquest.com/
Legalkart, https://www.legalkart.com/
Reynen Court, https://reynencourt.com/
Orbital Witness, https://www.orbitalwitness.com/
AppClose, Inc, https://appclose.com/
Clairvolex, https://clairvolex.com/
CryptoTax, https://cryptotax.io/en-us/
Qwill, https://www.qwill.io/
Flightright, https://www.flightright.com/
AppearMe, https://www.appearme.com/
Autologyx, https://www.autologyx.com/
reclamador.es, https://www.reclamador.es/
Resolvvi, https://www.resolvvi.com/
helpcheck, https://helpcheck.de/
Doc2, https://doc2.co/
avvoka, https://avvoka.com/
Recidiviz, https://www.recidiviz.org/
Ettorney, https://www.ettorney.co.il/
Matter365, https://matter365.com/
Amulex, https://amulex.ru/en
MessagePath, https://messagepath.com/
Justice.cool, https://www.justice.cool/
IdeaBlock, https://ideablock.io/
PatentBot, https://www.patentbots.com/
Elabogado, https://www.elabogado.com/
HUGO.legal, https://hugo.legal/
Predictice, https://predictice.com/
TranslateFX, https://www.translatefx.com/?lang=en
Kopjra, https://www.kopjra.com/
DataNovo, Inc., https://datanovo.com/
Deleyes, https://www.deleyes.com/
Advokatguiden.no, https://www.advokatguiden.no/
Tiqtime, https://www.tiqtime.com/
Divorce AI, https://www.divorceai.com/
EPIQ, https://www.epiqglobal.com/en-us
Testamenta, https://www.testamenta.es/
Legalfinder.com, https://legalfinder.com/
myBarrister, https://www.mybarrister.co.uk/
JustBeagle, https://justbeagle.com/
CodeLex, https://www.codelex.io/
Bisnode, https://www.bisnode.com/
Zweispace, http://en.zweispace.co.jp/
DocsCorp, https://www.docscorp.com/
Assistent.by, https://assistent.by/
Lexware, https://www.lexware.de/
Nuvalaw, http://www.nuvalaw.com/
Attorneys.org LLC, https://www.attorneys.org/
Prifina, https://www.prifina.com/
Prime Clerk, https://www.primeclerk.com/
Hukumonline.com, https://www.hukumonline.com/
RightNow, https://www.rightnowmedia.org/
6clicks, https://6clicks.io/
InfoTrack, https://www.infotrack.com/
Lytt, https://getlytt.today/
Kurier, https://kurier.at/
LexCheck, https://www.lexcheck.com/
One Legal, https://www.onelegal.com/
Intelllex, https://intelllex.com/
Mind-Alliance Systems, https://www.mind-alliance.com/
CourtListener, https://www.courtlistener.com/
Widr, https://www.widrfm.org/
AppRocket, https://www.approcket.co/
Legalku, https://www.legalku.com/
Divorceify, https://divorceify.com/
Livesense, https://en.livesense.co.jp/
Loom Analytics, https://www.loomanalytics.com/
Anwalt.de, https://www.anwalt.de/
Stenovate, https://www.stenovate.com/
Sparqa Legal, https://www.sparqa.com/
Quiktract, https://quiktract.com/
ClearWay Law, https://clearwaylaw.com/
Legal Nodes, https://legalnodes.org/
1LAW, https://www.1law.com/
Lawline.com, https://www.lawline.com
GetID, https://getid.ee/
InFront Compliance, Inc., https://www.infrontcompliance.com/
CEB, https://www.ceb.com/
LegalPassage, https://www.legalpassage.com/
RegHub, http://www.reghub.org/
Intaker, https://intaker.co/
Check in Scan, https://www.checkinscan.com/en/
Digitory Legal, https://www.digitorylegal.com/
CanadaVisa, https://www.canadavisa.com/
LegalDocs, https://legaldocs.co.in/
Timeliss, https://www.timeliss.com/
Legex, http://www.legex.org/
AiRelo, https://airelo.me/
Valla, http://vallalaw.com/
Gino LegalTech, http://www.ginolegaltech.com/content/en/
VantageBP, https://www.vantagebp.com/
Legalbird, https://www.legalbird.de/
Kontrak Hukum (Buatkontrak), https://kontrakhukum.com/
a360inc, https://www.a360inc.com/
Legalboards.io, https://legalboards.io/
JDoe, https://jdoe.io/
Mercatório, https://mercatorio.com.br/
SmartUp Legal, https://www.smartuplegal.com/
Suyo, https://suyonyc.com/
Tagdox, https://www.tagdox.com/
Infolegale, https://www.infolegale.fr/
SheriaSoft, https://sheriasoft.com/
Lawflex, https://www.lawflex.com/
BlackStone Discovery, https://www.blackstonediscovery.com/
Hipla, https://hipla.org/
Route1, https://www.route1.com/
audaxly, https://audaxly.com/
CCPA Toll Free, https://ccpatollfree.com/
deephound, https://deephound.co/
ZipClaims, https://zipclaims.com/
fastMatter, https://fastmatter.com/
Veloxiti, https://www.veloxiti.com/
ZICO Law, https://www.zicolaw.com/
Logwise, https://www.logwise.eu/
IP Checkups, https://www.ipcheckups.com/
Deep Legal, https://deeplegal.com.br/
Compliance Sign, https://www.compliancesigns.com/
Bilr, https://www.getbilr.com/
Searchbug, https://www.searchbug.com/
Aldabada, https://aldabada.com/
GDPR Register, https://www.gdprregister.eu/
SelfLawyer, https://self-lawyer.com/
Atims, https://www.atims.com/
AudioLock, https://audiolock.net/
LegalMaps, https://www.legalmaps.ai/
Finnovating, https://www.finnovating.com/
Ocaflow, https://www.ocaflow.com/
Novus Law, https://novuslaw.com/
Privatica, https://privatica.cc/
Lawgarithm, https://www.lawgarithm.net/
Sahu4You.Com, https://www.sahu4you.com/
BlxLaw, https://blxlaw.com/
FilersKeepers, https://www.filerskeepers.co/
eifas, https://www.eifas.de/
Will 2 Click, https://www.will2click.com/
Parallel Solutions, https://parallel-solutions.com/
Crefovi, https://crefovi.com/
Moviinn, https://moviinn.com/
Uitelkaar.nl, https://uitelkaar.nl/
Abogados NOW, https://home.abogadosnow.com/v1/
DadPardaz, https://dadpardaz.com/
LexDock, https://www.lexdock.com/
Politico Group, https://politicogroup.com/
Legal Innovators, https://www.legal-innovators.com/
LCM Finance, https://www.lcmfinance.com/
Berkman Solutions, https://www.berkmansolutions.com/
Sem Processo, https://www.semprocesso.com.br/
law4tw, https://law4tw.com/
MileMark Media, https://www.milemarkmedia.com/
GoodCall, https://www.goodcall.com/scholarships/search/
Matters.Cloud, https://www.matters.cloud/
Anika Legal, https://www.anikalegal.com/
Record Grabber, https://recordgrabber.com/
Cysae, https://www.cysae.com/
Signature Closers, https://www.signatureclosers.com/
Avallo, https://www.avallo.com/
Otica.ai, https://otica.ai/
Vicente Sederberg, https://vicentesederberg.com/
Candor Consulting, http://www.candor-consulting.com/
LawHero, https://www.lawhero.ca/
Legal Hub, https://www.thelegalhub.com.au/
Wildcat Legal, http://thewildcat.co.uk/
LexMeet, https://www.lexmeet.com/
Benoam, https://benoam-tech.com/
aapkaadvocate.com, https://www.aapkaadvocate.com/
Companyon, https://www.companyon.co/
Legal Loans, https://legalloans.us/
PacerDash, https://www.pacerdash.com/
Lawhawk, https://www.lawhawk.nz/
Nubbius, https://nubbius.com/
QuickWill, https://quickwill.co.za/
Visitation Ease, http://visitationease.com/
Iuris NOW, https://iurisnow.com/es/
BAI Digital, https://www.baidigital.com/
Pisar.bg, https://pisar.bg/
Van Norman Law, https://www.vannormanlaw.com/
lex.be, https://lex.be/
MutuAlies, https://mutualies.com/
MyDefence, https://mydefence.dk/
ADR Notable, LLC, https://www.adrnotable.com/
Uniproof, https://uniproof.com.br/
Edilex, https://www.edilex.com/en/home.html
The Technolawgist, https://www.thetechnolawgist.com/
IIPRD, https://www.iiprd.com/
Kondracki Celej, http://kondrackicelej.pl/
IurFRIEND, https://www.iurfriend.com/legal-tech.html
Meu Primeiro Ape, https://meuprimeiroape.com.br/
Virtual Pricing Director, https://www.virtualpricingdirector.com/
Planet Patent, https://www.planetpatent.com/
Advc8, https://www.advc8.co.uk/
Handelonthelaw, https://www.handelonthelaw.com/
Acordo Fechado, https://www.acordofechado.com.br/
LinkLei, https://www.linklei.com.br/
Ingensity IP, https://ingensity.com/
Nexlaw Partners, http://www.nexlawpartners.com/
Bungeni Consulting, https://www.bungeni.com/
Blackmere Consulting, https://blackmereconsulting.com/
Lovelace Killen, https://lovelacelawpc.com/
Harrison and Held, https://harrisonheld.com/
RenterLove, http://renterlove.com/
Soloway Wright, https://solowaywright.com/
iProcessum, https://www.iprocessum.com.br/
Tomaz, https://tomaz.my/
Keystone Legal, https://www.keystonelegal.com/
Apptorney, https://www.apptorney.org/
contratabien.com, https://contratabien.com/
WikiProp, https://wikiprop.org/
Gestion Legal Colombia, https://www.gestionlegalcolombia.com/
Rangefindr, https://www.rangefindr.ca/
Dokument 24, https://dokument24.dk/
Assist-Ant, https://assist-ant.com/
iPLAB Startups, https://www.iplabstartups.com/
Lawdef, https://www.lawdef.com/
Lawsome, https://www.thelawsomepodcast.com/
SECIB, https://www.secib.fr/
Intelectual Abogados, https://intelectualabogados.com/
KEY Discovery, https://www.key-discovery.com/
JusAPI, https://jusapi.com.br/
Protorae Law, https://protoraelaw.com/
SC Patents, http://www.scpatents.com/
AutenTIC, https://www.autentic.com/
Fidus Law Chambers, https://www.fiduslawchambers.com/
Reductech, https://reductech.io/
Vertex Legal App, https://www.vertexinc.com/
Carofano Law, https://www.carofanolaw.com/
Reviewsolicitors, https://www.reviewsolicitors.co.uk/
JusticeBot, https://www.justicebot.org/
Az Justice Center, https://www.azjusticecenter.org/
Budde Schou, https://buddeschou.dk/en/front-page/
Advocatenkantoren.nl, https://advocatenkantoren.nl/
Metricson, https://metricson.com/en/
DiRiSo, https://www.dirisonewyork.com/
About Innovation, https://www.aboutinnovation.com/
Legal Business, https://www.legalbusiness.co.uk/
Correa Porto, https://correaporto.com.br/
Dok.legal, https://www.dok.legal/
Flime, https://www.flime.com/en-gb/
