Dent	{'main_url': ''}
Effective decision	{'main_url': ''}
Get Lawyer App	{'main_url': ''}
ImpactGRC	{'main_url': ''}
IVIZE Services Inc	{'main_url': ''}
Jurisweb Interactiva SL	{'main_url': ''}
Pantentory	{'main_url': ''}
Writora	{'main_url': ''}
JustEase	{'main_url': ''}
Midatadin	{'main_url': ''}
Notificami	{'main_url': ''}
Legal Miner	{'main_url': ''}
Get20	{'main_url': ''}
Taxbender	{'main_url': ''}
Bullseeye Law	{'main_url': ''}
Calela	{'main_url': ''}
Lexa	{'main_url': ''}
DOCUFIEL	{'main_url': ''}
SOLOMON Justice AI	{'main_url': ''}
Threat Resilience	{'main_url': ''}
plunes technologies	{'main_url': ''}
Civil Informer	{'main_url': ''}
NEXAW	{'main_url': ''}
Mylex Global	{'main_url': ''}
Mighty	{'main_url': ''}
XCLAIM	{'main_url': ''}
Wundertax	{'main_url': ''}
LitiGate	{'main_url': ''}
Vauban	{'main_url': ''}
Clara	{'main_url': ''}
SINAI	{'main_url': ''}
Thirdfort	{'main_url': ''}
ClaimKit	{'main_url': ''}
LZVCPA	{'main_url': ''}
Matterhorn	{'main_url': ''}
ECFX	{'main_url': ''}
HETIKUS	{'main_url': ''}
TrustChain Systems	{'main_url': ''}
Justify	{'main_url': ''}
Turn Technologies, Inc.	{'main_url': ''}
COPYTRACK	{'main_url': ''}
Focus	{'main_url': ''}
HighCastle	{'main_url': ''}
TOPCOURT LTS	{'main_url': ''}
Zeyo	{'main_url': ''}
Dilecy	{'main_url': ''}
CaseGuide, Inc. DBA Spire Technical Services	{'main_url': ''}
Hunit	{'main_url': ''}
INKINDIALEGAL.com	{'main_url': ''}
MUST Platform	{'main_url': ''}
MINEKO	{'main_url': ''}
Devlos Software	{'main_url': ''}
Amiqus Resolution	{'main_url': ''}
CloudLaw	{'main_url': ''}
Kings Court Trust	{'main_url': ''}
Dealz.ai	{'main_url': ''}
Legal Manager	{'main_url': ''}
Just Me Technologies	{'main_url': ''}
Student Connect	{'main_url': ''}
Trustlog	{'main_url': ''}
ECL Direct	{'main_url': ''}
Grandeo Labs	{'main_url': ''}
Aalbul Ltd	{'main_url': ''}
JUIT	{'main_url': ''}
Assembly Software	{'main_url': ''}
Torrent Detective	{'main_url': ''}
APARAVI Software Corp	{'main_url': ''}
Walkers	{'main_url': ''}
CheKin	{'main_url': ''}
ZENDOC	{'main_url': ''}
Lexplique	{'main_url': ''}
SurePoint Technologies	{'main_url': ''}
Red Marker - AI powered compliance	{'main_url': ''}
Pointer Brand Protection	{'main_url': ''}
Upstock	{'main_url': ''}
Origin X Capital	{'main_url': ''}
UFP Fintech	{'main_url': ''}
Bella Professional Services	{'main_url': ''}
AuraLawgic	{'main_url': ''}
Opus 2 International	{'main_url': ''}
Legaltech	{'main_url': ''}
LeapXpert Ltd	{'main_url': ''}
LAWIO	{'main_url': ''}
Codekeeper BV	{'main_url': ''}
Bryan Cave Leighton Paisner	{'main_url': ''}
CodeREG	{'main_url': ''}
Pensieve	{'main_url': ''}
LawCoin	{'main_url': ''}
Lawtap	{'main_url': ''}
BlockAxs GmbH	{'main_url': ''}
ExpressSteuer	{'main_url': ''}
Summize	{'main_url': ''}
Legal Automation	{'main_url': ''}
Legal One GmbH	{'main_url': ''}
Balko	{'main_url': ''}
TIQK	{'main_url': ''}
DADSUN	{'main_url': ''}
Pergamin	{'main_url': ''}
The National Law Review	{'main_url': ''}
MGROUP	{'main_url': ''}
Document Modelling	{'main_url': ''}
LegalForms	{'main_url': ''}
F-LEX	{'main_url': ''}
ipQuants AG	{'main_url': ''}
Easyoffer	{'main_url': ''}
ZHIANT	{'main_url': ''}
FMeasure	{'main_url': ''}
Branding Technology Japan	{'main_url': ''}
OneWill	{'main_url': ''}
Claudius Legal Intelligence, Inc.	{'main_url': ''}
The Law App	{'main_url': ''}
iCEIBA	{'main_url': ''}
Alu	{'main_url': ''}
Izwan & Partners	{'main_url': ''}
Lexvoco	{'main_url': ''}
Beti	{'main_url': ''}
Valire	{'main_url': ''}
SUMMARLY	{'main_url': ''}
SIËSDE	{'main_url': ''}
Acaya	{'main_url': ''}
ShakeUp Online	{'main_url': ''}
Alba Software	{'main_url': ''}
Immortalize	{'main_url': ''}
Aleri	{'main_url': ''}
Legaline	{'main_url': ''}
Africa Legal News	{'main_url': ''}
Liquid Litigation Management	{'main_url': ''}
AudioCaseFiles	{'main_url': ''}
Inheryt	{'main_url': ''}
Black Swan Digital Forensics	{'main_url': ''}
DocPro	{'main_url': ''}
AENVI	{'main_url': ''}
Chudnovsky Law	{'main_url': ''}
id est avocats	{'main_url': ''}
Draftr	{'main_url': ''}
Environmental Health Coalition	{'main_url': ''}
LEXAI	{'main_url': ''}
Coretext	{'main_url': ''}
FilingMantra	{'main_url': ''}
Jurimetric	{'main_url': ''}
Patent Digest	{'main_url': ''}
Tod.d: Your Virtual Chief of Staff	{'main_url': ''}
Justice Solutions Group	{'main_url': ''}
Qrative	{'main_url': ''}
JW LEGAL INNOVATION SAS DE CV	{'main_url': ''}
InCorp Services	{'main_url': ''}
DiJu	{'main_url': ''}
Litigation Master	{'main_url': ''}
Huttons	{'main_url': ''}
Legal Research Center	{'main_url': ''}
Planet Data	{'main_url': ''}
One Protect	{'main_url': ''}
Referent	{'main_url': ''}
The Time Billing	{'main_url': ''}
Adidem Corporation	{'main_url': ''}
Kobi AI	{'main_url': ''}
CYW SOLUTIONS	{'main_url': ''}
Buddle	{'main_url': ''}
SueApp	{'main_url': ''}
GGRUS Technologies Private Limited	{'main_url': ''}
BGC Brasil	{'main_url': ''}
Tvuna Software Industries	{'main_url': ''}
Free Legal Aid	{'main_url': ''}
Disputec PeaceMaker	{'main_url': ''}
Peace Talks Mediation	{'main_url': ''}
Bengoshi Talk	{'main_url': ''}
Soocasa	{'main_url': ''}
Righty	{'main_url': ''}
Saxton and Stump	{'main_url': ''}
Bis-Tec Technologies	{'main_url': ''}
AOS Korea	{'main_url': ''}
BlackLetter	{'main_url': ''}
Enact Conveyancing	{'main_url': ''}
Goodrich & Geist PC	{'main_url': ''}
Legal Resolved	{'main_url': ''}
Da Vinci Partners LLC	{'main_url': ''}
Legable	{'main_url': ''}
FP Partner	{'main_url': ''}
Noell Consulting Group	{'main_url': ''}
VictorAi	{'main_url': ''}
Berlin Patten Ebling	{'main_url': ''}
PointOFLAW	{'main_url': ''}
Stevens & Williamson Attorneys at Law	{'main_url': ''}
Softinfo	{'main_url': ''}
The Center for Computer-Assisted Legal Instruction	{'main_url': ''}
LegaleFacile	{'main_url': ''}
Hanrei Times Holdings	{'main_url': ''}
We Legalize	{'main_url': ''}
Alliance Protection & Investigation	{'main_url': ''}
Dimension Informatique Realisations	{'main_url': ''}
Migration Agent and Immigration Lawyer Association	{'main_url': ''}
Suitup Israel	{'main_url': ''}
Escola de Cálculos	{'main_url': ''}
London Law Agency	{'main_url': ''}
NovaProlink Tecnologia	{'main_url': ''}
Buche & Associates Pc	{'main_url': ''}
RA MICRO Software	{'main_url': ''}
OOO SKB	{'main_url': ''}
KeyVision PRO	{'main_url': ''}
RealLegal	{'main_url': ''}
Law Offices Of Barry K. Rothman	{'main_url': ''}
Legalr	{'main_url': ''}
Weisberg Friedman & Klapisch	{'main_url': ''}
Pope mcglamry	{'main_url': ''}
Gepro Software Jurídico	{'main_url': ''}
Peters & Peters	{'main_url': ''}
Indenizar	{'main_url': ''}
Makowski Legal Group	{'main_url': ''}
Curtin & Heefner	{'main_url': ''}
EDOA	{'main_url': ''}
Grinm Advanced Materials	{'main_url': ''}
Vance and Larson Law Firm	{'main_url': ''}
Puritas Springs Software	{'main_url': ''}
Ajudici	{'main_url': ''}
D'acordo Mediações	{'main_url': ''}
Fowler Hein Cheatwood & Williams	{'main_url': ''}
Malgueiro Campos Advocacia	{'main_url': ''}
Makaira	{'main_url': ''}
Millennium International Patent Law Firm	{'main_url': ''}
SL DESK, Smart Legal Solutions	{'main_url': ''}
Callahan & Blaine	{'main_url': ''}
Plougmann Vingtoft	{'main_url': ''}
Rooney Law Firm	{'main_url': ''}
Legacy Network	{'main_url': ''}
Jiangsu Zhongtian Technology	{'main_url': ''}
Privacy Control Center	{'main_url': ''}
API Garant	{'main_url': ''}
Jacobowitz & Gubits	{'main_url': ''}
Pelkey & Pelkey	{'main_url': ''}
Management Solutions Consulting	{'main_url': ''}
Nominandum	{'main_url': ''}
Public Law	{'main_url': ''}
dpVUE .images	{'main_url': ''}
Steinfeld and Steinfeld	{'main_url': ''}
Edgar Law Firm	{'main_url': ''}
Prisma Jurídico	{'main_url': ''}
Shenzhen Asia Link Technology Development	{'main_url': ''}
Law Explorers	{'main_url': ''}
The Heir Hunters	{'main_url': ''}
Lawfully	{'main_url': ''}
Solucionare Logística Jurídica	{'main_url': ''}
LIRIS	{'main_url': ''}
Law Offices Of J Samuel Worley	{'main_url': ''}
Liscentrum Capital	{'main_url': ''}
Policastro Law Group	{'main_url': ''}
Vision Legal Services	{'main_url': ''}
ALTON North America	{'main_url': ''}
Global Legal Data	{'main_url': ''}
Templars	{'main_url': ''}
Choice Legal Group	{'main_url': ''}
Cavalcante Advogados	{'main_url': ''}
Visionary Legal Technologies	{'main_url': ''}
Athelstan	{'main_url': ''}
Gallo & Iacovangelo	{'main_url': ''}
Sallah Astarita and Cox	{'main_url': ''}
Audley Clarke Solicitors	{'main_url': ''}
EXPO	{'main_url': ''}
Third Dog Software	{'main_url': ''}
Kwick Soft Solutions	{'main_url': ''}
Carman And Bevington	{'main_url': ''}
Fallco	{'main_url': ''}
Beau Walker - Marketing Scientist	{'main_url': ''}
HELP ME	{'main_url': ''}
Case Law Search	{'main_url': ''}
Beliveau Law Group	{'main_url': ''}
Whiting Consulting	{'main_url': ''}
The Pacific Law Group	{'main_url': ''}
Hoffberg & Associates	{'main_url': ''}
Reyes & Reyes Law Firm	{'main_url': ''}
Nomad Being	{'main_url': ''}
Mrv Marketing.	{'main_url': ''}
Hozelito	{'main_url': ''}
Aamicus	{'main_url': ''}
Jonathan G Brill Law Firm	{'main_url': ''}
Replacement-in-hearing	{'main_url': ''}
Wetherington Law Firm, P.C.	{'main_url': ''}
Alfavit	{'main_url': ''}
LT42	{'main_url': ''}
Środkowopomorska Rada Naczelnej Organizacji; Technicznej	{'main_url': ''}
Brandnsulting Group	{'main_url': ''}
Egloff and Partner Services AG	{'main_url': ''}
Rehabilitation Services	{'main_url': ''}
Oberholtzer & Filous	{'main_url': ''}
ab asesores y administraciones	{'main_url': ''}
Ramseier Treuhand	{'main_url': ''}
Jureca	{'main_url': ''}
Renata Laterza Consultancy	{'main_url': ''}
Aquarium | Legal Things	{'main_url': ''}
FindResolution - Gestão Estratégica de Conflitos	{'main_url': ''}
Processualle Lexjudix	{'main_url': ''}
Ella Cheong Hong Kong	{'main_url': ''}
PreEmpt.Me	{'main_url': ''}
Total Translations	{'main_url': ''}
Arbitrate	{'main_url': ''}
MAIS JUSTIÇA	{'main_url': ''}
Kazan Legal Center	{'main_url': ''}
Tsoromokos & Papadopoulos	{'main_url': ''}
Sob Demanda	{'main_url': ''}
Oliveira Advocacia e Consultoria Jurídica	{'main_url': ''}
Ottoni´s Consultoria	{'main_url': ''}
Edraftly	{'main_url': ''}
LEGAL WIN CONSULTING LLP	{'main_url': ''}
lawracle	{'main_url': ''}
CLAWS'	{'main_url': ''}