Abe.,http://www.abelegal.com/
AfterIGo,http://www.afterigo.com/
Ampulse,https://ampulse.com
ASCAPPE,https://ascappe.com
Align Matters,https://alignmatters.com
Arbiclaims,https://Arbiclaims.com
Caseflex,http://caseflex.com/
AdviseHub,https://advisehub.com
Advocatalog,http://www.advocatalog.com/
AlgoValue,https://www.algovalue.com
Aluvion Law,https://aluvionlaw.com
AppealTrack,http://appealtrack.com/
Arachnys,https://arachnys.com
Arrest SOS,http://arrestsos.com
AttorneyFee,http://www.attorneyfee.com
Audvi,https://audvi.com
Avvo,https://www.avvo.com/
Big Time Software Inc,http://bigtime.net
Bitproof,https://bitproof.io
Bluetree Legal Connect,http://www.bluetreelegal.com
Briefed,http://www.briefedlawyer.co.uk/
BriefMine,http://www.briefmine.com
Caldeco,https://calde.co
CapMail,https://capmail.eu
Capture.IT,http://getcaptureit.com/
"ping, Inc.",http://timebyping.com/
BeeLine Reader,http://www.beelinereader.com/
Blackletter,https://blackletter.io
Business Integrity,https://www.business-integrity.com
CaseHub,https://casehub.co
Caselinq,https://www.caselinq.com
CaseRails,http://www.caserails.com
Claim Kit,https://www.claimkit.com
Clausehound,http://clausehound.com/
ClauseMatch,http://www.clausematch.com/
ClearContract,http://www.clearcontract.com/
ClearNDA,http://www.clearnda.com/
Clearpath Immigration,http://www.clearpathimmigration.com
Clerky,http://clerky.com
Clio,http://www.goclio.com/
CliXLEX,https://clixlex.com
ClosingFolders,http://www.closingfolders.com/
contnu,https://contnu.com
Cited,http://citedapp.com
Contract Cloud,http://www.contractcloudinc.com/
ContratosApp,http://www.contratosapp.com/
Cicayda,http://www.cicayda.com/
Cooley,https://cooley.com
coparently,https://coparently.com
Corporate + Startup Law,http://www.calcorporatecounsel.com/
CosmoLex,http://www.cosmolex.com/
counselytics,http://www.counselytics.com/
CourtReader,https://courtreader.co.il
Credit Swarm,http://creditswarm.herokuapp.com/
Crowdfunding Compliance Center,https://cfcomply.com
CrowdLaw,https://crowdlaw.net
CS Disco,http://www.csdisco.com/
DATY,https://daty.cz
Dealcircle,https://dealcircle.co
DealSheet,http://www.dealsheet.com/
"Depot Services, Inc.",https://legallogs.com
Crypho,http://crypho.com
LegalRisk.io,https://www.legalrisk.io
Derecho24,https://derecho24.cl
DiligenceEngine,https://diligenceengine.com/
DISCO,https://csdisco.com
DocketHero,http://signup.dockethero.com/
DocNav,https://docnavapp.com
Document Technologies Inc,http://docucap.com/
DraftLaw,https://draftlaw.com
DroidLaw,https://droidlaw.com
E-Nact,http://enactllc.wordpress.com/
EasyDataMaps,https://easydatamaps.com/
EasyIntake,http://easyintake.com/
EasyNDA,https://easynda.com
eBrevia,https://www.ebrevia.com
EchoSign,https://echosign.com
eDepoze,http://edepoze.com/
Effective decision,https://angel.co
Emerald Technology Valuations LLC,http://www.emerald-tech.com/
eQuibbly,https://www.equibbly.com/
eShares,https://www.esharesinc.com/
EsqSocial,http://www.esqsocial.com/
ExpertBids,https://expertbids.com
EzVsa,https://app.ezvsa.com
Fair Document,http://fairdocument.com
Firmex,http://www.firmex.com/
Firmzen,https://firmzen.com
FlatLaw,http://www.flatlaw.ca
Foresight Legal,http://foresightlegal.com/
Foundee,https://foundee.com
FreelanceLaw,http://www.freelancelaw.com/
FindMySong,http://www.findmysong.com/
Forced Labour Abolition Group (FLAG),http://flag-justice.org
GPSOX,https://gpsox.com
Gracular,https://gracular.com
Hire an Esquire,https://www.hireanesquire.com
Hoip,https://hoip.me
HoudiniEsq,http://houdiniesq.com/
Hubbard One,http://www.legalcurrent.com/tag/hubbard-one/
Esq.me,https://esqmelaw.com/
iNation,https://ination.io
Justice Bid,https://JusticeBid.com
JusticeBid,https://justicebid.com
InCloudCounsel,http://www.incloudcounsel.com/
Indexed IO,https://indexedio.com
Infotems,http://www.infotems.com/
Inkdit,https://inkdit.com
InLaw.Me,http://www.inlaw.me/
Inolyst,https://inolyst.com
Intelligize,http://www.intelligize.com/
IP Shark,https://ip-shark.com
ipnexus,https://ipnexus.com
Ipselex,https://ipselex.com
Law Mixer,https://lawmixer.com
Law Scout,https://www.lawscout.ca/
LawAnswers,http://www.lawanswers.com.au/
Horizon,http://Horizon.VC
ipInstruments,http://ipinstruments.com/
JammedUp,http://www.jammedup.com/
Juridicus,https://juridicus.eu
Juristat,http://www.juristat.com
Jurispect,http://jurispect.com/
JusticeBox,http://www.justicebox.net/
JustiServ,http://justiserv.myinstapage.com/
Kabuk Law,https://www.kabuklaw.com
Kinso,http://www.kinso.ca/
Korbitec,http://www.korbitec.ca/
Last5,https:// Windows
Lateral.ly,https://lateral.ly/
Laterally,http://lateral.ly/
Lar21,http://lar21.com
Lawcus,http://lawcus.com/
LawDeal,https://lawdeal.com/
LawDeeDa,http://www.lawdeeda.com/
Lawdingo,http://www.lawdingo.com
LAWfone on Demand,https://lawfone.com
Lawful.ly,http://lawful.ly
Lawger,https://lawger.com/
LawGo Inc.,https://www.lawgo.co
LawKick,https://LawKick.com
Lawnearme.com,http://www.lawnearme.com/
Lawpolis,http://www.lawpolis.com/
LawTake,https://LawTake.com
LawVisors,http://lawvisors.com
LawyerFair,https://lawyerfair.co.uk
Lawyerfy,https://lawyerfy.com
LawyerLinx,https://www.lawyerlinx.com/
LawyerMatch,https://lawyermatch.me
LawyerUp,https://www.lawyerup.com
Legal Chrome,https://patent-chrome.com
Legal Flow,https://legalflow.pro
Legal Hero,https://legalhero.com
Legal Line,http://www.legalline.ca/
Legal Simplicity,https://legalsimplicity.co/
LegalCrunch,http://www.legalcrunch.com/
LegalCrunch!,http://www.legalcrunch.com/
LegalInc Corporate Services,https://legalinc.com
LEGALIX,https://legalix.com
LegalReach,http://www.legalreach.com
Legalshine,http://www.legalshinehq.com/
Legify,https://www.legify.com
Lemontech - Thetimebilling,http://www.thetimebilling.com/
Lex Machina,https://lexmachina.com/
Lexdir,https://lexdir.com
Lexiqual,http://lexiqual.com
ModusP,https://modusp.com
LegalLogs,https://www.legallogs.com
Lexvisors,https://lexvisors.com
Lig Technologies Ltd,https://lig-it.com
Litigator Technology,http://litigatortechnology.com/
LiveOffice LLC,http://www.liveoffice.com
Logickull,http://logikcull.com/
Lucolo,https://lucolo.com
Lexicata,https://lexicata.com/
Mark43,http://mark43.com
matterBase,http://www.matterbase.com/
MBLOK,https://mblok.ca
Mimecast,https://mimecast.com
MisAbogados.com,http://www.misabogados.com/
MyCourthouse,http://www.mycourthouse.com/
MyLawBid,http://www.mylawbid.com/
"MyLegalCoverage, Inc. (MLC)",http://www.mylegalcoverage.com/
"New Media Legal Publishing, Inc.",http://www.newmedialegal.com/
NextChapter,http://nextchapterbk.com
NOTARY 4 ROTARY,http://%20www.notary4rotary.com/
Nymity,https://www.nymity.com/
Office Network Online,http://www.officenetworkonline.com/
Openlegal,https://openlegal.co
Daniel Stachowiak,https://www.mydocsafe.com
PasteLaw,https://pastelaw.com
PayMyTrustee,http://www.paymytrustee.com/
RecordLogix,http://recordlogix.com
Ratchet Technology,http://lawratchet.com
Quicklegal,http://quicklegal.com
phraseup*,https://phraseup.com
NetLex,http://netlexweb.com
plainlegal,http://www.plainlegal.com
Plum Law Jobs,http://www.plumlawjobs.com/
Purediscovery Corp,http://www.brainspace.com/
PUSHTOSTART,https://pushtostart.it
PactSafe,https://pactsafe.com/
Ontario Small Claims Wizard,http://smallclaimswizard.com/
Quicklysign,https://quicklysign.com
Ravel Law,http://www.ravellaw.com
RealPractice,http://www.realpractice.com/
Reorg Research,https://reorg-research.com
qodeo,http://qodeo.com
PitchCast,http://pitchcast.co
RION Corp.,https://rioncorp.com
"RiverGlass, Inc.",http://www.riverglassinc.com
Rnovo,https://rnovo.cl
RocketMatter,https://www.rocketmatter.com/
RSVP Law,http://rsvplaw.com/
Shake,http://www.shakelaw.com
"Mystacks, Inc.",https://www.lawyaw.com
Sky Analytics,http://www.skyanalytics.com/
Snap Law,https://snaplaw.co/
Snapterms,http://snapterms.com
SourceHOV LLC,http://www.sourcehov.com/
Speedy Counsel,http://www.speedycounsel.com/
Stampery,https://stampery.co
Sanza,http://sanza.co
Shortsaleopedia,http://shortsaleopedia.com/
StartDireito,http://www.startdireito.com.br/
Startup Quest,http://www.startupquest.com/
Structured Market,http://structuredmarket.com/
SubroFlash,https://subroflash.com
SupportPay,http://supportpay.com/
Suralink,https://suralink.com
Swiftcourt,https://swiftcourt.se
Syngrafii,http://www.syngrafii.com/
Tapdox,http://tapdox.com/
Task Central,http://www.taskcentral.com.au/
Startup Documents,http://www.startupdocuments.com/
Swarm,http://www.swarm.fund/
Ticket Warrior,https://ticketwarrior.me
TermSheet.io,https://termsheet.io
Terminis,https://terminis.com
TenderScout,http://www.tenderscout.com/
VisaEase,https://visaease.com
Virtual Payment Systems,http://virtualpaymentsystem.com/
Vindula,https://vindula.com
Wevorce,http://www.wevorce.com/
Viewabill,http://www.viewabill.com
VentureDocs,https://venturedocs.com/
VaultSwap,https://VaultSwap.com
Tyche,https://www.tycherisk.co/
Turner,http://www.papersoftware.com/
Heureka,http://www.heurekasoftware.com/
Zapproved Inc,http://www.zapproved.com
ZipCourt,https://zipcourt.com
accreditation.io,http://accreditation.io
Access Family Law,https://www.accessfamilylaw.com/
Excellara,https://www.linkedin.com/company/excellara
Gadfly Legal Technologies,http://www.gadflylt.com/
Writora,https://chrome.google.com/webstore/detail/writora-alpha/cojadepmhddfokaihkplmpheabcgpcbk?hl=en-US
wireLawyer,http://www.wirelawyer.com
Willow,https://startwillow.com
Virtual Viewbox,http://www.virtualviewbox.com/
TopicLogic,https://topiclogic.net
Axiom,http://www.axiomlaw.com/
Custom Counsel,https://www.customcounsel.com
TeamPatent,http://teampatent.com/
SecureSend,http://www.getsecuresend.com/
Rpost,http://rpost.com
"AgileLaw, LLC",http://www.agilelaw.com/
Resume Launchpad,http://www.resumelaunchpad.com/
Habeas Corp.,http://habeas.co
Loudr,http://loudr.fm
