Picture It Settled,"['https://www.crunchbase.com/organization/picture-it-settled']"
Esq. Safe,"['https://www.crunchbase.com/organization/esq-safe']"
FreelanceLaw,"['https://www.crunchbase.com/organization/freelancelaw']"
Forced Labour Abolition Group (FLAG),"['https://www.crunchbase.com/organization/forced-labour-abolition-group']"
LawStud.io LLC,"['https://www.crunchbase.com/organization/lawstud-io']"
LegalEZ,"['https://www.crunchbase.com/organization/legalez']"
Openlegal,"['https://www.crunchbase.com/organization/openlaw']"
Snap Law,"['https://www.crunchbase.com/organization/snaplaw']"
Terminis,"['https://www.crunchbase.com/organization/terminus']"
Lit IQ,"['https://www.crunchbase.com/organization/lit-iq']"
Compliance Qaurter,"['https://www.crunchbase.com/organization/compliance-quarter']"
Justiça Simples,"['https://www.crunchbase.com/organization/justi%C3%A7a-simples']"
Run the Call,"['https://www.crunchbase.com/organization/run-the-call']"
Amicable Apps,"['https://www.crunchbase.com/organization/amicable']"
EDT,"['https://www.crunchbase.com/organization/edt']"
Living Legacies,"['https://www.crunchbase.com/organization/the-living-legacy-foundation']"
matters.Cloud,"['https://www.crunchbase.com/organization/matters-cloud']"
Privatim,"['https://www.crunchbase.com/organization/priv%C4%81tim']"
hukumonline.com by PT Justika Siar Publika,"['https://www.crunchbase.com/organization/hukumonline-com']"
SiËSDE Dispute Resolution Technologies,"['https://www.crunchbase.com/organization/si%C3%ABsde']"
Emérita Legal,"['https://www.crunchbase.com/organization/em%C3%A9rita-legal']"
Litigation Edge Pte Ltd,"['https://www.crunchbase.com/organization/litigation-edge']"
Red Rain,"['https://www.crunchbase.com/organization/red-rain-seo']"
Blika Solutions AB,"['https://www.crunchbase.com/organization/blika-corptax-ab']"
LEAP Legal Software,"['https://www.crunchbase.com/organization/leap-legal-software']"
BanyanRFP,"['https://www.crunchbase.com/organization/banyan-services-llc']"
BlackBoiler,"['https://www.crunchbase.com/organization/blackboiler']"